Country name,2007,2008,2009,2010,2011,2012,2013,2014,2015,2016,2017,2018,2019
Afghanistan,,3.72,4.4,4.76,3.83,3.78,3.57,3.13,3.98,4.22,2.66,2.69,2.38
Albania,4.63,,5.49,5.27,5.87,5.51,4.55,4.81,4.61,4.51,4.64,5.0,5.0
Argentina,6.07,5.96,6.42,6.44,6.78,6.47,6.58,6.67,6.7,6.43,6.04,5.79,6.09
Armenia,4.88,4.65,4.18,4.37,4.26,4.32,4.28,4.45,4.35,4.33,4.29,5.06,
Australia,7.29,7.25,,7.45,7.41,7.2,7.36,7.29,7.31,7.25,7.26,7.18,7.23
Austria,,7.18,,7.3,7.47,7.4,7.5,6.95,7.08,7.05,7.29,7.4,7.2
Azerbaijan,4.57,4.82,4.57,4.22,4.68,4.91,5.48,5.25,5.15,5.3,5.15,5.17,5.17
Bahrain,,,5.7,5.94,4.82,5.03,6.69,6.17,6.01,6.17,6.23,,
Bangladesh,4.61,5.05,5.08,4.86,4.99,4.72,4.66,4.64,4.63,4.56,4.31,4.5,5.11
Belarus,5.62,5.46,5.56,5.53,5.23,5.75,5.88,5.81,5.72,5.18,5.55,5.23,5.82
Belgium,7.22,7.12,,6.85,7.11,6.94,7.1,6.86,6.9,6.95,6.93,6.89,6.77
Benin,,3.67,,,3.87,3.19,3.48,3.35,3.62,4.01,4.85,5.82,4.98
Bolivia,5.63,5.3,6.09,5.78,5.78,6.02,5.77,5.86,5.83,5.77,5.65,5.92,5.67
Bosnia and Herzegovina,4.9,,4.96,4.67,4.99,4.77,5.12,5.25,5.12,5.18,5.09,5.89,6.02
Botswana,,5.45,,3.55,3.52,4.84,4.13,4.03,3.76,3.5,3.5,3.46,3.47
Brazil,6.32,6.69,7.0,6.84,7.04,6.66,7.14,6.98,6.55,6.37,6.33,6.19,6.45
Bulgaria,3.84,,,3.91,3.88,4.22,3.99,4.44,4.87,4.84,5.1,5.1,5.11
Burkina Faso,4.02,3.85,,4.04,4.79,3.96,3.33,3.48,4.42,4.21,4.65,4.93,4.74
Cambodia,4.16,4.46,4.11,4.14,4.16,3.9,3.67,3.88,4.16,4.46,4.59,5.12,5.0
Cameroon,4.35,4.29,4.74,4.55,4.43,4.24,4.27,4.24,5.04,4.82,5.07,5.25,4.94
Canada,7.48,7.49,7.49,7.65,7.43,7.42,7.59,7.3,7.41,7.24,7.41,7.18,7.11
Chad,4.14,4.63,3.64,3.74,4.39,4.03,3.51,3.46,4.32,4.03,4.56,4.49,4.25
Chile,5.7,5.79,6.49,6.64,6.53,6.6,6.74,6.84,6.53,6.58,6.32,6.44,5.94
China,4.86,4.85,4.45,4.65,5.04,5.09,5.24,5.2,5.3,5.32,5.1,5.13,5.14
Colombia,6.14,6.17,6.27,6.41,6.46,6.37,6.61,6.45,6.39,6.23,6.16,5.98,6.35
Congo (Brazzaville),,3.82,,,4.51,3.92,3.95,4.06,4.69,4.12,4.88,5.49,5.21
Costa Rica,7.43,6.85,7.61,7.27,7.23,7.27,7.16,7.25,6.85,7.14,7.23,7.14,7.0
Croatia,5.82,,5.43,5.6,5.39,6.03,5.89,5.38,5.21,5.42,5.34,5.54,5.63
Cyprus,,,6.83,6.39,6.69,6.18,5.44,5.63,5.44,5.79,6.06,6.28,6.14
Czech Republic,6.5,,,6.25,6.33,6.33,6.7,6.48,6.61,6.74,6.79,7.03,
Denmark,7.83,7.97,7.68,7.77,7.79,7.52,7.59,7.51,7.51,7.56,7.59,7.65,7.69
Dominican Republic,5.08,4.84,5.43,4.74,5.4,4.75,5.02,5.39,5.06,5.24,5.61,5.43,6.0
Ecuador,5.0,5.3,6.02,5.84,5.8,5.96,6.02,5.95,5.96,6.12,5.84,6.13,5.81
Egypt,5.54,4.63,5.07,4.67,4.17,4.2,3.56,4.89,4.76,4.56,3.93,4.01,4.33
El Salvador,5.3,5.19,6.84,6.74,4.74,5.93,6.33,5.86,6.02,6.14,6.34,6.24,6.45
Estonia,5.33,5.45,5.14,,5.49,5.36,5.37,5.56,5.63,5.65,5.94,6.09,6.03
Finland,,7.67,,7.39,7.35,7.42,7.44,7.38,7.45,7.66,7.79,7.86,7.78
France,,7.01,6.28,6.8,6.96,6.65,6.67,6.47,6.36,6.48,6.64,6.67,6.69
Gabon,,,,,4.26,3.97,3.8,3.92,4.66,4.83,4.78,4.78,4.91
Georgia,3.71,4.16,3.8,4.1,4.2,4.25,4.35,4.29,4.12,4.45,4.45,4.66,4.89
Germany,6.42,6.52,6.64,6.72,6.62,6.7,6.97,6.98,7.04,6.87,7.07,7.12,7.04
Ghana,5.22,4.97,4.2,4.61,5.61,5.06,4.97,3.86,3.99,4.51,5.48,5.0,4.97
Greece,6.65,,6.04,5.84,5.37,5.1,4.72,4.76,5.62,5.3,5.15,5.41,5.95
Guatemala,6.33,6.41,6.45,6.29,5.74,5.86,5.98,6.54,6.46,6.36,6.33,6.63,6.26
Guinea,,,,,4.04,3.65,3.9,3.41,3.5,3.6,4.87,5.25,4.77
Haiti,,3.85,,3.77,4.84,4.41,4.62,3.89,3.57,3.35,3.82,3.61,
Honduras,5.1,5.42,6.03,5.87,4.96,4.6,4.71,5.06,4.85,5.65,6.02,5.91,5.93
Hong Kong S.A.R. of China,,5.14,5.4,5.64,5.47,5.48,,5.46,,5.5,5.36,,5.66
Hungary,4.95,,4.89,4.73,4.92,4.68,4.91,5.18,5.34,5.45,6.07,5.94,6.0
India,5.03,5.15,4.52,4.99,4.63,4.72,4.43,4.42,4.34,4.18,4.05,3.82,3.25
Indonesia,5.1,4.82,5.47,5.46,5.17,5.37,5.29,5.6,5.04,5.14,5.1,5.34,5.35
Iran,5.34,5.13,,,4.77,4.61,5.14,4.68,4.75,4.65,4.72,4.28,5.01
Iraq,,4.59,4.78,5.07,4.73,4.66,4.73,4.54,4.49,4.41,4.46,5.1,
Ireland,,7.57,7.05,7.26,7.01,6.96,6.76,7.02,6.83,7.04,7.06,6.96,7.25
Israel,6.84,7.26,7.35,7.36,7.43,7.11,7.32,7.4,7.08,7.16,7.33,6.93,
Italy,6.57,6.78,6.33,6.35,6.06,5.84,6.01,6.03,5.85,5.95,6.2,6.52,6.45
Japan,6.24,5.91,5.84,6.06,6.26,5.97,5.96,5.92,5.88,5.95,5.91,5.79,5.91
Jordan,5.6,4.93,6.0,5.57,5.54,5.13,5.17,5.33,5.4,5.27,4.81,4.64,4.45
Kazakhstan,5.72,5.89,5.38,5.51,5.74,5.76,5.84,5.97,5.95,5.53,5.88,6.01,6.27
Kenya,4.58,4.02,4.27,4.26,4.41,4.55,3.8,4.9,4.36,4.4,4.48,4.66,4.62
Kosovo,5.1,5.52,5.89,5.18,4.86,5.64,6.13,5.0,5.08,5.76,6.15,6.39,6.43
Kuwait,,,6.59,6.8,6.38,6.22,6.48,6.18,6.15,5.95,6.09,,6.11
Kyrgyzstan,4.7,4.74,5.07,5.0,4.92,5.21,5.4,5.25,4.91,4.86,5.63,5.3,5.69
Latvia,4.67,5.15,4.67,,4.97,5.13,5.07,5.73,5.88,5.94,5.98,5.9,5.97
Lebanon,,4.59,5.21,5.03,5.19,4.57,4.98,5.23,5.17,5.27,5.15,5.17,4.02
Liberia,3.7,4.22,,4.2,,,,4.57,2.7,3.35,4.42,4.13,5.12
Lithuania,5.81,5.55,5.47,5.07,5.43,5.77,5.6,6.13,5.71,5.87,6.27,6.31,6.06
Luxembourg,,,6.96,7.1,7.1,6.96,7.13,6.89,6.7,6.97,7.06,7.24,7.4
Macedonia,4.49,,4.43,4.18,4.9,4.64,5.19,5.2,4.98,5.35,5.23,5.24,5.02
Madagascar,,4.64,,,4.38,3.55,3.82,3.68,3.59,3.66,4.08,4.07,4.34
Malawi,4.89,,5.15,,3.95,4.28,4.04,4.56,3.87,3.48,3.42,3.33,3.87
Malaysia,6.24,5.81,5.38,5.58,5.79,5.91,5.77,5.96,6.32,,,5.34,5.43
Mali,,4.11,3.98,3.76,4.67,4.31,3.68,3.97,4.58,4.02,4.74,4.42,4.99
Malta,,,6.33,5.77,6.15,5.96,6.38,6.45,6.61,6.59,6.68,6.91,6.73
Mauritania,4.15,4.25,4.5,4.77,4.78,4.67,4.2,4.48,3.92,4.47,4.68,4.31,4.15
Mexico,6.53,6.83,6.96,6.8,6.91,7.32,7.44,6.68,6.24,6.82,6.41,6.55,6.43
Moldova,4.77,5.5,5.55,5.59,5.79,6.0,5.76,5.92,6.02,5.58,5.33,5.68,5.8
Mongolia,4.61,4.49,,4.59,5.03,4.89,4.91,4.82,4.98,5.06,5.33,5.46,5.56
Montenegro,5.2,,4.8,5.46,5.22,5.22,5.07,5.28,5.12,5.3,5.61,5.65,5.39
Morocco,,,,4.38,5.08,4.97,5.14,,5.16,5.39,5.31,4.9,5.06
Nepal,4.75,4.44,4.92,4.35,3.81,4.23,4.6,4.98,4.81,5.1,4.74,4.91,5.45
Netherlands,7.45,7.63,,7.5,7.56,7.47,7.41,7.32,7.32,7.54,7.46,7.46,7.43
New Zealand,7.6,7.38,,7.22,7.19,7.25,7.28,7.31,7.42,7.23,7.33,7.37,7.21
Nicaragua,4.94,5.1,5.35,5.69,5.39,5.45,5.77,6.28,5.92,6.01,6.48,5.82,6.11
Niger,4.28,4.24,4.27,4.1,4.56,3.8,3.72,4.18,3.67,4.23,4.62,5.16,5.0
Nigeria,4.89,4.94,4.98,4.76,,5.49,4.82,,4.93,5.22,5.32,5.25,4.36
Pakistan,5.67,4.41,5.21,5.79,5.27,5.13,5.14,5.44,4.82,5.55,5.83,5.47,
Palestinian Territories,4.15,4.39,4.47,4.7,4.75,4.65,4.84,4.72,4.7,4.91,4.63,4.55,4.48
Panama,6.89,6.93,7.03,7.32,7.25,6.86,6.87,6.63,6.61,6.12,6.57,6.28,6.09
Paraguay,5.27,5.57,5.58,5.84,5.68,5.82,5.94,5.12,5.56,5.8,5.71,,5.65
Peru,5.21,5.13,5.52,5.61,5.89,5.82,5.78,5.87,5.58,5.7,5.71,5.68,6.0
Philippines,5.07,4.59,4.88,4.94,4.99,5.0,4.98,5.31,5.55,5.43,5.59,5.87,6.27
Poland,5.89,,5.77,5.89,5.65,5.88,5.75,5.75,6.01,6.16,6.2,6.11,6.24
Portugal,,5.72,,5.09,5.22,4.99,5.16,5.13,5.08,5.45,5.71,5.92,6.1
Romania,5.39,,5.37,4.91,5.02,5.17,5.08,5.73,5.78,5.97,6.09,6.15,6.13
Russia,5.22,5.62,5.16,5.38,5.39,5.62,5.54,6.04,6.0,5.85,5.58,5.51,
Rwanda,,4.36,4.03,,4.1,3.33,3.47,3.6,3.48,3.33,3.11,3.56,3.27
Saudi Arabia,7.27,6.81,6.15,6.31,6.7,6.4,6.5,6.28,6.35,6.47,6.29,6.36,6.56
Senegal,4.68,4.68,4.34,4.37,3.83,3.67,3.65,4.39,4.62,4.59,4.68,4.77,5.49
Serbia,4.75,,4.38,4.46,4.82,5.15,5.1,5.11,5.32,5.75,5.12,5.94,6.24
Sierra Leone,3.59,3.0,,4.13,4.5,,4.51,4.5,4.91,4.73,4.09,4.31,3.45
Singapore,6.83,6.64,6.14,6.53,6.56,,6.53,7.06,6.62,6.03,6.38,6.37,6.38
Slovakia,,,,6.05,5.95,5.91,5.94,6.14,6.16,5.99,6.37,6.24,6.24
Slovenia,,,5.83,6.08,6.04,6.06,5.97,5.68,5.74,5.94,6.17,6.25,6.67
South Africa,5.2,5.35,5.22,4.65,4.93,5.13,3.66,4.83,4.89,4.77,4.51,4.88,5.03
South Korea,5.77,5.39,5.65,6.12,6.95,6.0,5.96,5.8,5.78,5.97,5.87,5.84,5.9
Spain,6.99,7.29,6.2,6.19,6.52,6.29,6.15,6.46,6.38,6.32,6.23,6.51,6.46
Sri Lanka,4.41,4.43,4.21,3.98,4.18,4.22,4.36,4.27,4.61,,4.33,4.44,4.21
Sweden,7.24,7.52,7.27,7.5,7.38,7.56,7.43,7.24,7.29,7.37,7.29,7.37,7.4
Taiwan,,5.55,,6.23,6.31,6.13,6.34,6.36,6.45,6.51,6.36,6.47,6.54
Tajikistan,4.43,5.06,4.58,4.38,4.26,4.5,4.97,4.9,5.12,5.1,5.83,5.5,5.46
Tanzania,4.32,4.38,3.41,3.23,4.07,4.01,3.85,3.48,3.66,2.9,3.35,3.45,3.64
Thailand,5.78,5.64,5.48,6.22,6.66,6.3,6.23,6.99,6.2,6.07,5.94,6.01,6.02
Tunisia,,,5.03,5.13,4.88,4.46,5.25,4.76,5.13,4.52,4.12,4.74,4.32
Turkey,5.62,5.12,5.21,5.49,5.27,5.31,4.89,5.58,5.51,5.33,5.61,5.19,4.87
Turkmenistan,,,6.57,,5.79,5.46,5.39,5.79,5.79,5.89,5.23,4.62,5.47
Uganda,4.46,4.57,4.61,4.19,4.83,4.31,3.71,3.77,4.24,4.23,4.0,4.32,4.95
Ukraine,5.25,5.17,5.17,5.06,5.08,5.03,4.71,4.3,3.96,4.03,4.31,4.66,4.7
United Arab Emirates,,,6.87,7.1,7.12,7.22,6.62,6.54,6.57,6.83,7.04,6.6,6.71
United Kingdom,6.8,6.99,6.91,7.03,6.87,6.88,6.92,6.76,6.52,6.82,7.1,7.23,7.16
United States,7.51,7.28,7.16,7.16,7.12,7.03,7.25,7.15,6.86,6.8,6.99,6.88,6.94
Uruguay,5.69,5.66,6.3,6.06,6.55,6.45,6.44,6.56,6.63,6.17,6.34,6.37,6.6
Uzbekistan,,5.31,5.26,5.1,5.74,6.02,5.94,6.05,5.97,5.89,6.42,6.21,6.15
Venezuela,,6.26,7.19,7.48,6.58,7.07,6.55,6.14,5.57,4.04,5.07,5.01,5.08
Vietnam,5.42,5.48,5.3,5.3,5.77,5.53,5.02,5.08,5.08,5.06,5.18,5.3,5.47
Yemen,4.48,,4.81,4.35,3.75,4.06,4.22,3.97,2.98,3.83,3.25,3.06,4.2
Zambia,4.0,4.73,5.26,,5.0,5.01,5.24,4.35,4.84,4.35,3.93,4.04,3.31
Zimbabwe,3.28,3.17,4.06,4.68,4.85,4.96,4.69,4.18,3.7,3.74,3.64,3.62,2.69
