Country Name,1990,1991,1992,1993,1994,1995,1996,1997,1998,1999,2000,2001,2002,2003,2004,2005,2006,2007,2008,2009,2010,2011,2012,2013,2014,2015,2016,2017
Afghanistan,428.402041916,438.113385369,466.220874254,488.77685715800004,487.788019036,482.95621870199994,476.001390828,466.460678764,455.423324225,439.531772054,426.932609235,419.68332399300004,423.58829148,429.958774852,431.525146951,437.43194934300004,439.896668766,446.33187437199996,459.90460598199996,471.02587741599996,481.66749600300005,491.84703739599996,500.966134139,510.66176701600006,516.948891074,519.123077449,520.690075272,521.797724923
Albania,945.890451567,946.04426049,945.9405482289999,945.8314793789999,945.990807545,946.678837208,945.342635783,942.025954651,951.0779395330001,947.8716429210001,934.1873694980001,940.458214975,949.985675513,961.89685497,975.0953032360001,988.341968552,1004.03428629,1023.47106135,1043.65556243,1061.41943803,1073.01709191,1079.92770242,1084.90965684,1089.17965305,1090.49510608,1089.35755751,1087.18165712,1080.73087042
Algeria,425.109562275,429.892118034,435.04997643200005,440.654018624,446.651527361,453.063561807,460.05534853300003,467.77459686599997,475.9055875,484.031332473,491.490148115,498.204604491,504.763443167,511.12221874900007,517.1787493720001,522.8237052630001,528.867594475,535.650895141,542.01390485,546.777395159,548.967768287,548.978449685,547.8113419399998,545.356955025,541.742061802,537.387768315,532.585900108,527.505889938
American Samoa,633.957588331,633.882418763,633.682913478,633.633764378,633.9733148619999,634.927664977,635.74507181,636.568342297,637.228033936,637.635731405,637.797207241,636.8127600290001,635.15668329,633.1687267870001,631.287577099,630.180161763,630.408519265,632.314825002,635.1024254580001,637.949851899,640.2847186820002,642.313404594,644.904297382,648.00233667,651.485629143,655.233538482,659.007640346,662.683674295
Andorra,631.410303367,649.448494987,651.746510049,649.083198647,641.8385484290001,633.799628959,631.0423948060002,629.670299037,627.5295596660002,620.3665878840001,610.0186744609999,601.179777436,594.752995939,603.7906082000001,611.256252923,611.240416408,610.0701053270001,605.6684581510001,598.174948281,586.7551758999999,578.721601642,571.62152445,568.745226687,562.7093390919999,560.373782527,558.062147121,555.130246351,554.7011742130001
Angola,690.0491473339999,688.3302011989999,686.601434475,684.719417647,682.886364288,680.958263947,678.9706112389998,676.769005408,674.298671862,671.833251555,669.4027661519999,666.020906493,661.295967939,656.223077345,651.829594029,649.00630332,647.5964710549998,646.479980674,645.4054039299998,644.289747151,642.8390189840001,641.309524431,640.134424136,639.3948425230001,639.23423363,639.71655417,640.96472606,642.9066538440001
Antigua and Barbuda,1022.70843012,1024.08419194,1025.83794786,1027.90450777,1030.2588943,1032.88830778,1036.62318612,1041.75263399,1047.73907164,1053.96874883,1059.74678241,1065.64963899,1072.31082243,1079.34262081,1086.38349263,1092.96405738,1099.06176013,1104.82779743,1110.19879724,1115.12692581,1119.50215795,1123.33330916,1126.60241607,1129.30668684,1131.40044417,1132.80802454,1133.48593209,1133.29473235
Argentina,825.761533977,859.990173844,891.7585868860001,919.3183219580001,939.40637354,949.5953126610001,953.678803884,956.608727021,958.543586523,959.233766147,959.6953081989999,961.345427188,963.210341405,964.591658766,964.9648160360001,964.5768866510001,951.292018745,919.50073666,880.7636107330001,848.1580547110001,834.9957247850001,836.110250433,837.72671639,839.7491353050002,841.7693684310001,844.0727882360001,847.3011350889999,851.9245971790001
Armenia,1172.62054746,1175.45751636,1176.06444743,1177.04597235,1178.15655152,1178.83031686,1177.68194644,1172.50671352,1166.81733161,1162.0521528299996,1159.66781996,1156.92105397,1150.4411986500004,1144.46902569,1141.77768343,1145.67339072,1156.56435147,1169.68438527,1183.03904622,1193.6581685,1199.50928715,1201.17753935,1200.20378678,1196.82095484,1190.8071554199996,1182.91273992,1173.19941586,1161.79210449
Australia,824.6493653089999,839.678320602,852.8768664319999,863.6492056259999,871.204807746,875.4731257330001,877.787376051,879.778551921,881.430574074,881.4012890560001,879.3870547280001,870.637832499,854.5880654680001,836.406893383,820.7097564810001,811.965192152,808.4944125689999,806.1903093560001,804.8139483799998,803.999177258,803.3938501189999,802.571084945,802.3298337919998,802.7563259190001,803.975742726,805.8474218580002,807.852745767,810.0165265840001
Austria,684.843654336,684.274644708,682.8395408499998,681.318053633,679.908898424,678.952117185,682.157092723,688.8418794869999,696.837014906,703.273954442,705.6678534280001,704.9619272819999,702.3778418649998,699.68176132,696.832919743,694.4527355150002,693.23223797,691.438725312,689.74849715,687.25543629,683.8558042100002,680.407747039,676.1881995619999,671.404914621,666.104771917,660.482898805,654.082183384,646.575950658
Azerbaijan,1130.57887702,1139.90369561,1147.4082300799996,1153.3352562,1158.7475194800004,1162.9004338,1164.98879188,1165.13918454,1165.12112365,1167.88371767,1176.04022658,1188.31449088,1202.05759528,1216.90019149,1233.22129235,1251.3011868,1271.76985232,1294.42484776,1316.19203433,1335.0048322999999,1348.34150447,1356.12994796,1361.47320986,1363.7399738099996,1363.24411507,1360.07961178,1353.44224518,1344.46022271
Bahrain,558.0801658830001,561.3069727430001,560.899992517,559.472266763,559.070750527,561.776365557,569.248996794,575.6247412419999,579.87473152,581.8207508859999,581.968251055,582.11968915,586.2618912080001,596.288795045,612.30453307,624.367690315,629.3270964660002,636.824976331,648.483946906,660.45986711,664.521109434,656.290960759,645.6990900220002,638.021843132,630.075792925,621.2556394119999,608.0731168030001,596.3578846839998
Bangladesh,649.188424447,651.87409763,655.3066279239998,659.4227869929999,664.115461492,669.533966393,675.3565878969999,681.259068475,687.169492148,693.1534054880002,699.4480416189999,706.4932862239999,714.3469640989999,722.5765277180001,730.84494179,738.9477929359999,747.6450219110001,757.4434450210001,767.630987625,777.3847457960001,785.8883712410001,793.4875308750002,801.145801225,808.750307633,816.1649976189999,823.3859296019999,830.319257615,836.841337717
Barbados,895.332782865,898.2667151820001,900.826864614,903.3260552439999,905.8163361039999,908.1687934419999,911.341117173,915.7723930660001,920.153265857,923.1602452230001,923.6482980589999,921.5962390239999,918.399746581,915.0440504019999,912.4111009760001,911.239468253,912.073095983,914.1809164260001,916.3139697610001,917.540866222,917.150352315,915.3632635580001,912.914718988,909.72083082,905.820412461,901.334382035,896.254345208,890.395078022
Belarus,2472.2032385,2468.53161008,2468.429520800001,2470.66571655,2476.09236252,2483.85205106,2498.36960295,2522.22867722,2552.22563584,2584.57520184,2613.46088511,2644.64408916,2681.34728884,2720.55285285,2755.17770605,2777.73417003,2781.80702246,2766.69970385,2744.66159639,2721.95393369,2705.74303918,2695.82355392,2681.51403923,2667.14428065,2651.89309632,2635.87523646,2621.63642463,2608.53911081
Belgium,593.428154287,597.091290395,600.344375311,603.020904996,604.8264761539998,605.4814051019999,605.981913285,606.9301223890001,607.763071157,608.018300178,607.3850684959999,605.240693393,601.819147597,597.761879453,593.748073999,590.609685741,587.2270376380001,582.255460591,576.6516559830001,571.404651844,567.792253078,565.796795633,564.0495526640001,562.595084885,561.224880506,560.192996373,559.844380958,559.6876647299998
Belize,743.789077239,755.7239238760001,767.741459334,779.7783847750002,791.5644418740001,802.6452679820002,814.368578938,827.2682027989999,839.8735740170001,851.0989865089999,859.976637164,867.5173195960001,875.0885734139999,882.3390692149999,888.9982211360001,894.7054168010001,898.9051698610001,901.8350652910001,904.324859477,907.3329486060001,911.822887212,917.681543684,924.0934176789999,931.127815112,938.76376513,946.863449912,955.251948693,963.692962115
Benin,438.707896569,440.42139658800005,442.29837920500006,444.33468987099997,446.61040528700005,449.133499254,451.94967007400004,455.170848172,458.419293822,461.390404732,463.80883855900004,465.656421285,467.20253896800006,468.417518376,469.45521892,470.437102509,471.495546421,472.72882767199997,474.10798569599996,475.70475389300003,477.489221146,479.41700391100005,481.636531541,484.16296842,486.956820699,489.92254059699997,492.984984913,496.18834149300005
Bermuda,940.904577161,938.120968466,934.8334970039999,931.2931991160001,927.676834388,924.1337222569999,920.949109803,918.762557503,917.0879894110001,915.269723443,912.582261264,908.289926277,903.257853664,898.126623321,893.449928194,889.8266829359999,888.884062492,890.9305628349998,893.7632565389999,895.3531317540001,893.8200579689999,889.4173952279999,884.387223636,878.6963503689999,872.1927612430001,864.7940515560001,856.1319942900002,846.497325466
Bhutan,871.341530725,862.8959387479998,852.7852301969999,853.488259752,856.984666561,864.37264982,872.1369219649998,881.0072797380001,890.8178417539999,901.2005155710001,913.2403888489999,933.687485623,965.1958944419999,1001.48309048,1035.24029387,1059.47413912,1077.26341311,1094.90940582,1113.17098511,1131.4692885,1149.1948180099996,1166.22495737,1180.7548992,1193.05144114,1203.9231987,1214.21246125,1223.00543596,1230.26370506
Bolivia,805.1990141900002,800.382252333,796.599935931,794.3953897749999,794.0711750849998,795.881378342,799.1900526950002,803.3530240780002,807.908654205,812.7613170879998,817.9819782210001,821.7153309130002,823.5026806469998,824.709978732,827.1536519059999,832.7852967270002,841.1891892760001,850.1619276739999,858.3493379810001,865.0351726790001,869.819714992,872.3601171,872.840189604,871.1923907949998,867.7400203310001,863.024239203,857.342360488,850.893629745
Bosnia and Herzegovina,1471.84987956,1479.64229646,1483.87464987,1483.98567682,1486.20449906,1486.06701021,1485.53207971,1487.91571907,1491.72435348,1495.11500223,1498.97165228,1504.3919985,1511.41459773,1520.58877275,1529.94232317,1534.42322959,1540.03901654,1548.9769598100004,1552.69248398,1554.43226999,1553.43460552,1549.90135403,1545.68147613,1539.51086191,1531.5100031099996,1522.95130756,1513.5465611,1502.79328777
Botswana,728.079281583,735.294392744,742.4824412180002,749.7633334020002,757.2403243110001,764.558928917,772.3974566410001,780.405296337,788.502243469,796.5662810539999,804.542116653,811.3464570630002,816.9506850330001,822.257885343,828.150254891,835.7977829040001,845.128039595,855.8611524959999,866.9831763569999,877.227681947,885.597001016,891.969985654,897.48369259,902.033764078,905.6014891689999,908.450397719,910.488802068,911.903283775
Brazil,1241.07560032,1243.88216886,1249.1587074,1256.67388287,1265.96478708,1276.85046962,1294.92191839,1322.72909104,1354.43313351,1383.83088868,1404.701426,1416.95915259,1426.06964813,1433.13750226,1439.11276801,1445.0893739,1451.33403534,1457.34132248,1462.65186105,1466.89619476,1469.96269069,1471.55588226,1471.59693845,1470.13102898,1467.31903216,1463.45047788,1458.47143651,1452.43639007
Brunei,518.3559884250002,518.730931334,518.919599738,519.09787908,519.12338417,519.38911475,519.49471214,519.9688854130001,520.5251052120001,521.294779468,522.1583993529998,523.23874427,524.682474557,526.455991454,528.487837666,530.6635920680001,533.284548231,536.465333488,539.758666661,543.018808692,545.971351936,548.9233526119999,551.827985591,554.3793334869999,556.5871654819999,558.481980091,559.9091713619999,560.897174845
Bulgaria,1120.96175348,1120.05511178,1119.5972094899996,1119.63529019,1120.67539348,1122.25427272,1121.16717546,1116.83527146,1111.16002527,1106.2629552,1105.04038686,1106.3765879,1107.66652565,1108.41105389,1108.54266742,1108.24219233,1109.86353533,1114.69119229,1118.9306325799996,1119.60619477,1114.97137677,1107.01234369,1099.50164438,1091.72516508,1083.54260168,1074.72723515,1065.06194118,1055.53400061
Burkina Faso,425.305806205,425.258094832,425.741056861,426.625894258,427.746639339,428.984520542,430.710042509,433.090333029,435.81544085,438.59908333199996,441.121360252,443.412535149,445.648960878,447.87115899800006,450.119965181,452.37073593800005,454.73626131199995,457.214411146,459.728953592,462.18710905300003,464.383153935,466.374050936,468.333611641,470.359044046,472.549958497,474.91693500900004,477.433868403,479.97518157699994
Burundi,710.9925236560001,706.26426437,690.3652751129998,687.032407429,693.464759886,686.125275804,678.314330204,677.452781761,680.283567321,681.676526393,683.21529969,684.350232738,684.855990392,686.4927165739998,689.308478778,692.4219287799998,696.7531859840001,700.474773619,706.558975023,713.089718575,713.1979136189999,712.495753112,713.6572462360001,714.434005482,712.2450679149998,708.483395819,707.3744992310001,707.4298377700002
Cambodia,415.85249033,417.298634444,419.07827200699995,421.251680449,423.637202198,426.540857192,430.05251760499993,433.952911346,438.4117088,443.396015047,448.81380095300005,454.35696375199996,459.886323069,465.51496894900004,471.31524961300005,477.24774093800005,483.78314365800003,490.89540503300003,498.039013071,504.719706613,510.234190772,514.629048989,518.402454105,521.5296359069999,524.2005951579998,526.451894153,528.2925005420001,529.7726631319999
Cameroon,480.685696511,482.588209564,484.825714427,487.258651871,489.863571666,492.47208708400007,495.363707664,498.731447215,502.134779527,505.17360856500005,507.460933473,508.90771225199995,509.67230079,509.829347092,509.661968951,509.547348595,509.756942102,510.25621253699995,510.928000522,511.799245085,512.859300684,514.129456227,515.696307325,517.585744537,519.915722245,522.726013639,526.098075265,530.0595640390001
Canada,936.7625092689999,929.229294044,922.9876452389999,918.055582458,914.853074408,913.181272003,915.01130351,920.248394232,926.6279566019999,932.009890936,933.865284314,933.0327166019999,931.69026268,929.79646133,928.134068525,926.795516657,924.15557598,919.585795088,913.846294523,907.9642400639999,903.251318568,900.0306822539999,897.5857703050001,895.7472883410001,894.4398910090001,893.838009681,894.130676399,895.831049734
Cape Verde,456.755667754,459.50167392099996,462.15980623,464.69743381300003,467.22733900899993,470.19305272300005,473.56464091699996,477.896010316,483.29549105,489.587897084,496.65969266699994,504.36694648199995,513.0174238669999,522.3949833529999,532.172074081,542.032496798,552.032117724,562.412747215,572.776046931,582.62894627,591.376363302,598.989509838,606.065017041,612.657213491,618.798995764,624.381804967,629.217534021,633.4153965730001
Central African Republic,700.24408998,703.016305998,705.85735371,708.0665816410001,709.394520596,710.5747626489999,711.587534065,712.0556139619998,712.2612969810001,712.945486667,713.110810065,713.0638760160001,712.425117395,710.686320602,709.727275983,709.695935866,709.750592753,710.202885792,711.9801559089999,714.7396533360001,718.258847326,722.336458949,724.79742168,723.509014914,722.611356994,725.9157982099998,732.0177301880001,739.347869746
Chad,422.160432683,422.18627373199996,422.29046727300005,422.414730851,422.554848382,422.61607407400004,422.626463947,422.772402493,422.919505761,422.907965285,422.606589591,421.965415586,421.14060282699995,420.207581495,419.22644638800006,418.258162468,417.551140308,417.264937401,417.23142624800005,417.238201196,417.07730652099997,416.87195145699997,416.9987795440001,417.469091309,418.29503038400003,419.46571898199994,420.896009606,422.541259339
Chile,1001.39482597,1000.56918772,1001.38281586,1003.98344819,1008.52287791,1015.13725884,1028.58555904,1049.63262581,1071.88197342,1090.90010944,1102.19751487,1108.31980843,1115.07474387,1121.65407439,1127.55151963,1131.28294044,1126.79792089,1113.01199885,1095.71217863,1080.62257659,1073.1414539999996,1071.00863541,1068.60910127,1066.04811747,1063.52789216,1061.48620395,1060.654346,1061.41862753
China,636.6269582680001,646.4170175620001,656.495793856,666.567888884,675.8323965540001,684.4185942519999,694.4253674280001,707.3022443960001,721.242061997,733.429074602,741.7223684969998,745.2975104550002,746.403254987,746.1471260339999,745.895844669,748.3784323110001,755.1984975889999,765.506091458,776.86883943,786.425870885,792.1353105960001,794.3926301839999,795.5945988889999,795.3089271670001,793.2997819960001,791.075248988,786.5834670260001,779.3872792020002
Colombia,830.27934141,836.7049858590001,842.9190414999998,849.2023309760001,855.833248991,862.9531145210001,872.7122864030002,885.359580508,898.2836358510001,908.7854526130001,914.302199036,915.4474490760001,914.9870362710001,914.158316124,913.9700804060001,915.474889218,925.173681371,944.417570997,966.8978345830001,986.044422233,995.496158551,997.765825257,999.3108144089999,1000.1393807,1000.16798523,999.3180177219999,997.5863551089999,994.800698448
Comoros,665.806730005,671.746892763,677.6080072459999,683.595063255,689.7257656940001,695.8723947369999,701.5458222130001,706.552110977,711.1301277580002,715.389454286,719.3966089339999,722.6852753769999,725.1347270580002,727.0821608480002,728.979074715,731.361971936,734.6848427460001,738.791453108,743.1233020760001,747.195455798,750.6861423409999,754.058337646,757.9817724530002,762.2730478909999,766.665377488,771.0766637700002,775.5906224460001,780.02793992
Congo,723.5619290330001,730.5915949089999,737.5889773839999,744.4939770430002,751.39414621,758.288605025,764.1514466660001,767.9456825,770.5448739880002,773.3044160789999,776.2001903889999,777.7017894510001,776.9268855519998,774.887476943,772.718695574,771.630870425,771.1241659289999,770.0906112560001,768.9133416579999,768.0696963739999,768.023114072,768.5406375719999,769.298364034,770.4745018799998,772.257611795,774.600755615,777.446985141,780.9178780560001
Costa Rica,771.6863900689999,774.463784045,778.7844392439999,784.142993045,790.0453424660001,796.0228459130001,802.4823504750002,809.819726544,817.281868142,824.311272463,830.3536330349998,835.636601102,840.684845702,845.461370325,849.9338562070001,854.146409794,858.1525240440001,861.8657646969999,865.267411627,868.5678330060001,871.6145258409999,874.216160646,876.656908268,879.0842872789999,881.5104761389999,883.740392145,885.6948896619999,887.491867037
Cote d'Ivoire,485.21219758700005,488.416007173,492.01353686500005,495.962147466,500.002931351,504.02175784400004,508.238159685,512.67678001,517.1384011719999,521.256495577,524.801445894,527.572086735,529.564566173,530.967276535,532.013428207,533.038626106,534.282596548,535.544775684,536.5821711780001,537.1843630230001,537.265376209,537.0093282939998,536.645257583,536.226900493,535.78366628,535.4401270139998,535.269040122,535.1861127999998
Croatia,1201.96853534,1201.94222963,1201.28330892,1200.62303229,1199.75980208,1198.45744728,1194.46330619,1186.49421377,1178.3006983300004,1172.24641064,1170.49484294,1174.528356,1182.89459091,1193.52060303,1203.54842229,1210.00841654,1214.87254112,1219.87660032,1224.29774215,1227.25008787,1227.75215801,1226.99099565,1225.12920386,1222.21869203,1218.51089547,1213.84945444,1208.55911323,1201.84244948
Cuba,929.4903335660001,937.65287017,945.472108495,951.8163394410001,956.571515442,959.7573838010001,963.262982867,967.6811330510001,971.935606613,975.26417569,976.9488419060001,977.1914104760001,977.0701459060001,977.548872297,978.727324157,980.293594229,982.8276193089999,986.011239478,988.733308662,989.7848312169999,988.33913833,985.217378017,981.8240746419999,978.329585808,974.0920870880001,968.758811557,962.920810385,956.842246888
Cyprus,514.678251819,514.153681578,514.090929645,515.053613522,516.9335840609999,519.281903178,522.1950989640001,525.781509065,529.735577433,533.60948961,536.669205947,538.50370664,539.59549572,540.4310180130001,541.4266368140001,543.256136361,546.587427253,550.75863567,554.33697362,556.3721284090001,556.356373835,554.682958435,552.008562956,548.562047241,544.911744116,541.2094186830001,536.975963135,531.880759702
Czech Republic,1105.2037793,1116.50483607,1126.8411496899996,1136.91667073,1146.98984899,1156.0322398,1163.63669989,1170.85118214,1178.48322686,1186.89587742,1195.6481855,1209.5193777000002,1230.35803727,1254.09241726,1275.82377626,1290.23576737,1299.21780057,1307.25847649,1313.09252003,1315.10521963,1312.42595151,1306.03787568,1298.29911249,1289.12662821,1278.09457493,1265.4188676,1251.13603374,1236.11387216
Democratic Republic of the Congo,653.545811273,653.628276013,653.5878576700002,653.4908643919999,653.479801021,653.903438209,653.373257877,652.213088813,650.9419476620001,649.834016699,649.256841216,648.16144854,646.489175907,644.820829507,643.751276105,643.942561501,645.111795701,646.821128391,648.80071334,650.7925208610002,652.710731915,654.459444374,656.592559403,659.137093709,662.098837679,665.587807698,669.343963862,673.492046088
Denmark,635.991952488,640.455910558,643.552147774,646.2254503319999,648.893951487,650.983645199,654.010603482,658.229091857,662.732548445,665.988133458,666.57761163,664.6344896319999,662.153679979,659.117823225,656.032282004,653.556942571,651.5080446569999,649.731189149,648.3340850149998,646.846544834,645.811934531,644.5289398130001,642.796663387,640.992381795,638.813578832,636.427285624,633.625506357,630.3151704229999
Djibouti,751.0098359269998,744.117051038,733.1932559339999,737.2625690210001,743.097217791,746.994225151,750.7121667609999,760.2730164989999,769.62362493,777.9664533810001,785.1788834429999,790.684193337,796.151274636,801.598387148,806.0918710489999,811.2824268239999,817.6875370120001,823.9888708479999,829.9786664410001,835.3730191899998,840.3077708110001,843.6343776819998,845.55313781,846.991292077,847.763807188,848.519982063,849.062380058,849.0034255730001
Dominica,894.9280447570001,902.235305898,909.436698878,916.6101903110001,924.04408063,932.081940587,941.8689718160001,953.916353636,966.6805783839999,978.641239128,988.6482027010001,996.798004417,1004.04958739,1010.37872048,1015.76371164,1020.5387149000001,1025.46907165,1030.74365675,1035.81711859,1040.19032396,1043.65838427,1046.97784768,1051.22185703,1056.22972315,1061.69157515,1067.26460098,1072.6021560499996,1077.7562778
Dominican Republic,826.777089482,829.199479733,831.360191744,832.893688201,833.9485139010001,835.261970424,836.38893147,837.619208542,838.758974268,839.4735818270001,840.330602827,840.3768532560001,839.8068440090001,839.343067659,839.584951362,842.3401174869998,848.81841161,858.6148744289999,869.7978121460001,880.1501540129999,888.076484127,893.7808652260001,898.852654516,902.959401345,905.573119877,906.651795632,906.332374535,904.8832385219999
Ecuador,896.9097534819998,894.0527824889999,892.134603606,891.3005667819999,891.858935738,894.370631071,897.6522464330002,901.4070427519999,904.721315012,907.4099047960001,909.465019763,909.4768588610001,908.911505524,908.647361115,909.3421308810001,911.637065491,914.849724737,918.923000605,923.151273438,926.499627915,928.221144495,927.750364473,926.4555960360001,924.492891598,921.255101997,916.332689478,909.4410259680001,901.03088801
Egypt,441.512293876,443.098737844,445.20599476600006,447.86282252300003,451.054335737,454.57305322800005,458.48610299800004,462.59836740199995,466.65318481,470.52640944300003,473.893232104,476.49932260599996,478.40399574,479.76724637,481.03954898800004,482.738622335,487.27871897800003,494.859927468,502.936385588,509.207826898,511.529802019,510.910614708,509.4657153,507.11277022699994,504.257991073,501.43077366,499.0282164940001,497.054091085
El Salvador,1155.84797457,1164.5668685,1171.56236481,1176.67368922,1179.84419924,1181.58343655,1181.2286727,1178.7567442,1174.94319487,1170.92298522,1168.04240878,1162.88887477,1153.74112861,1143.71789154,1135.82958215,1133.42681892,1135.66929029,1139.48800568,1144.69843611,1150.83033735,1157.36197406,1163.61059864,1169.09847243,1174.01374228,1178.55265135,1182.38800414,1185.63258116,1188.45058347
Equatorial Guinea,654.3795819520001,651.055675437,648.4758519569999,646.655054542,645.713898764,645.593594675,645.4797970359999,645.772207849,646.33321959,647.2999072380001,648.6057072570002,649.482496735,650.3026720199998,651.478982778,653.4250426220001,656.507149776,660.492892633,665.2871265890001,670.835043235,677.124019825,684.117724667,691.6237930089999,699.910846667,708.9212906339999,718.6241844269998,729.009631053,739.9032885239999,751.3913348189999
Eritrea,726.1129107039999,729.62116004,732.689555183,735.894621933,739.528787158,743.2571082129999,748.831107125,756.333990363,764.3894777989999,770.190099658,773.0481589269999,775.1270698889999,776.8920230210001,778.636456855,781.139883759,782.69598793,783.9476247340001,787.1496718349998,790.58374938,794.2834315110001,797.6133697480002,800.9631726739999,806.227042988,811.7779801070001,817.0917724410001,822.15089015,827.1848929820002,833.2527968640001
Estonia,2434.73022388,2434.68406549,2435.32659185,2437.22990105,2443.31420345,2453.83491875,2473.33723575,2501.87764206,2536.41007077,2573.44241643,2603.17766644,2621.94491864,2633.261306,2641.20952662,2646.8429472,2646.95618565,2633.89419245,2604.62095173,2570.56728261,2538.78371211,2514.2806542,2493.45719469,2468.48405993,2443.64028198,2419.91012713,2396.8763352700007,2374.97175078,2353.04063134
Ethiopia,681.978964845,680.903150191,677.0915146890001,675.9460852679999,676.358820342,677.7685796559999,679.6462739680001,681.649386338,683.5613020659999,684.9427261019999,685.775502812,685.831914127,685.0383391729998,684.212271192,683.916255827,685.107573753,694.477439267,713.8875292660001,737.4288188390001,758.7265584190001,771.304307022,777.197338145,782.9165337610001,788.727718755,794.42668344,799.7424128209999,804.7877969860001,809.3692556189999
Federated States of Micronesia,584.356131108,587.955449444,591.831665567,595.834965171,599.826601399,603.791375969,607.7367676069999,612.3413588980001,617.3020673259999,622.2939800300002,627.3204603519999,631.171747211,634.6209315909999,637.87594014,641.206439747,645.462728265,649.954657973,655.5211095880001,661.508644397,667.285442131,672.496496704,676.7169442119999,681.037492399,685.340590936,689.535782908,693.570433417,697.3368501,700.8267423249998
Fiji,629.886376463,631.225056808,632.741065279,634.7985761369999,637.352887893,640.433770621,644.4533005019999,649.0438325729999,654.025350596,658.958173631,663.494037402,667.596735285,671.155839919,674.344413939,677.2099014119999,679.914444237,684.13641255,690.128817442,696.346219425,701.035614959,702.530898569,701.65692917,700.145954915,698.1066033980002,695.706689963,693.189519506,690.8430232640001,688.7127359030001
Finland,759.053548963,770.9872643289999,782.621521799,792.53054197,801.0758381180002,807.678118492,814.7068538210001,825.50380936,836.786618381,845.2199073869998,848.494614234,845.500798517,840.22443058,834.2476504210001,828.032955059,823.388851579,817.5303353830001,810.249858725,801.846779604,794.1150883460001,787.880134156,781.788665021,775.0106660810001,767.137416995,758.987943577,750.1119281699998,740.600397747,730.6226996319999
France,603.6545476929999,601.9201202869999,600.654410698,599.94352785,599.722641957,599.912387775,601.550999867,605.004484072,608.862618267,611.833216874,612.62243811,611.685481558,610.525309313,609.072329683,607.2177675280001,604.9668388499998,602.4609598229998,599.640755927,596.451182305,592.812249626,588.674481892,584.2254076219999,579.786897859,575.3667126820001,570.928907488,566.512542707,562.1724214569999,557.76858053
Gabon,752.163161847,755.309282595,758.255227185,761.0516232169998,764.2543061680002,767.6268829160001,769.607862692,770.992608347,771.987466186,773.333600057,775.127386085,775.469527573,774.473268512,772.9350255439999,771.955169457,772.3809542160001,773.363272394,774.477172875,775.9319212080001,778.15186469,781.34630012,784.704125257,788.3109037869999,792.1258056160001,796.249763648,800.544532434,804.5488101669999,808.8533195289999
Georgia,1151.09716872,1142.69449227,1133.60749591,1124.66351732,1117.4307642,1112.02005829,1104.48616243,1092.91061897,1080.97315055,1072.45415873,1070.4854104,1074.81019699,1081.62848911,1090.0000645999999,1098.85195876,1107.13342924,1119.7053381100004,1137.82397922,1156.37796317,1171.19036216,1178.51804281,1180.65652421,1182.43592931,1182.42477438,1181.13571319,1179.70115616,1178.17700744,1176.77043534
Germany,739.5370088669999,737.0220577709999,735.9214242769998,734.689737755,733.225199318,733.023331667,734.2472807160001,737.4605190269998,740.761213545,742.4645638630001,742.180895658,735.346218477,722.031359187,706.176272222,691.0464437,682.390697423,679.077125586,677.9844629090001,677.6112052359999,676.187204136,673.07393989,667.83472551,662.741141559,656.323701237,648.501691515,639.807181756,632.78282715,619.739229933
Ghana,483.743140149,487.08023064099996,490.224832176,493.306408893,496.397868445,499.30591228599997,502.323008305,505.634393867,509.11145952,512.5056461380001,515.521262966,518.350100086,521.279840997,524.328334616,527.449349201,530.40762486,533.596828007,537.5588724309999,542.0943896910002,546.790781048,551.3079485569999,555.730089593,560.069436009,564.0587319289999,567.803835209,571.441460644,575.053123884,578.5623472350002
Greece,500.836625526,505.78202348400004,512.477088407,517.650441387,522.0176972620001,525.233773399,527.419728935,528.032223468,528.5540767350002,528.301316845,526.894740009,525.153240805,521.8114559320002,517.3546038989998,512.795096164,508.80846374699996,505.88454104699997,503.70271860800005,501.54689899699997,498.81451154,494.88766298900003,490.08457493199995,485.006159066,479.057678201,473.24842547099996,467.78149910900004,462.513752425,458.796910126
Greenland,1628.4308183300002,1609.46598843,1590.55877548,1576.85530504,1562.44103924,1549.61715662,1539.07600836,1533.2030064,1529.97249358,1525.01239314,1521.97079235,1521.86006231,1520.92289196,1520.52610379,1522.5036682,1522.35473701,1515.38864855,1501.98191957,1488.36175938,1477.7702508700004,1471.2740460599996,1464.7080828,1455.89098015,1447.81182711,1434.26739763,1421.83532043,1409.02731108,1397.34482688
Grenada,779.528240932,785.410704669,794.1766296440001,805.459415591,818.753657709,833.5105950029998,850.0344566870001,868.177660971,886.513164954,903.327601825,916.990966204,927.050707412,934.0221125830001,938.5656510169999,941.420259318,943.427964316,945.749656999,948.624180933,951.328763888,953.1672493880001,953.412572048,952.46380589,951.249624607,949.676694771,947.9792155739999,946.217340507,944.2021761369999,941.7571981289999
Guam,744.3972227410001,743.939883424,742.1659219320002,739.3310661969998,735.8500589309999,732.1499244729998,728.2799652140001,724.5669703369999,721.332235306,718.957504654,717.749743774,717.5835930689999,718.7627280529999,720.6511377100002,722.7984916089999,724.9102636050002,726.3993471590001,728.1935573339999,730.0650981470001,731.72603916,732.897061633,733.547642845,734.3335769610001,735.2034350639999,735.9691528669999,736.4587382189999,736.6813076029998,736.69541868
Guatemala,1142.54148978,1141.40051218,1140.03452914,1137.98238928,1135.41270176,1133.26946989,1130.22525068,1125.82570326,1120.57087283,1115.96058443,1112.86607222,1106.48050491,1095.787612,1084.72184607,1077.22424975,1078.13776282,1085.25042383,1093.78118681,1103.45118918,1113.92773764,1125.76814244,1138.68893978,1151.8568698299996,1164.39099013,1175.42594696,1185.12497562,1193.85621285,1202.16579261
Guinea,437.62621610300005,438.40549939699997,437.69948664199995,436.64840642,436.93877311600005,437.33854036099996,435.144470715,436.313969109,438.191779804,437.10280373300003,435.592182508,435.03746494,436.67787957699994,438.56404373,439.86788058900004,441.41569679599996,443.51115342699995,445.885151986,448.727734519,451.46901201400004,454.19950598099996,456.628528705,459.07730321199995,461.72350136800003,464.282006389,467.04544537,469.89068744800005,472.96801175699994
Guinea-Bissau,455.458565986,456.16034796300005,457.109565074,458.29503099999994,459.744485795,461.33396110900003,462.914662884,464.942866065,467.17414157,469.572746237,472.251442863,474.856038043,477.508848125,480.25950752100005,483.1150885990001,486.114420949,489.058919025,491.86927474199996,494.611746542,497.210588224,499.556353924,501.621841688,503.488251554,505.24413613400003,506.951465361,508.63182971699996,510.26693436,511.820980019
Guyana,899.326090946,910.5978854939999,921.723414562,931.5955660689999,939.9550403,946.376374597,951.5983768369999,956.598423935,961.022435787,965.256709355,969.4152961460001,974.4625165289999,980.897772106,987.661840033,994.1360636210001,999.536585583,1004.22171419,1009.20943197,1014.34385827,1019.675606,1024.93207562,1029.81989662,1034.2311264,1037.89842024,1040.91480891,1043.08491144,1044.29735207,1044.5329688
Haiti,789.6547492850002,784.1761385550002,779.874768031,777.4650853080001,777.028716359,778.912741503,782.26601797,786.7153492379999,792.273918963,798.461588148,804.9673848640001,811.1335442139999,817.0913693199999,823.096147415,829.164248395,835.605586349,842.5070896809999,849.6527928390001,856.658122271,862.9240152179999,866.6948645719999,869.149110104,871.9260082630001,873.733471228,874.6272621210001,874.7660089289999,874.112615929,872.7871528129999
Honduras,752.6000245739999,760.034131947,767.6608523069999,775.2418109380002,782.5408287930001,789.8474102780002,796.50232594,803.125184688,809.4914069499998,815.927550828,822.8337057919998,828.5883456029999,833.239859862,837.5983828110001,842.3696133289999,848.2561314980001,854.7975368489999,861.3736473640001,867.8460502040001,874.105473635,880.0686846269999,885.3985678700002,890.317327933,894.763951037,898.8775728429998,902.611479618,905.864780352,908.9842064589999
Hungary,1378.34438992,1394.3782794,1408.23745354,1419.1852625200004,1427.54502975,1433.05038882,1433.2784884999999,1427.99089595,1418.93572608,1409.5229562999998,1403.1654485400004,1396.07697982,1385.11468608,1372.44884469,1361.23379832,1354.87334601,1349.93411852,1341.80542685,1331.21041053,1320.70801952,1312.59573435,1305.88044213,1297.53659463,1286.73910431,1274.14970665,1260.66650596,1247.46052103,1234.80447917
Iceland,550.461108256,550.323686133,550.3337546719999,549.277618276,548.545162603,548.52580316,548.996371819,549.724189063,550.690535658,551.597098648,551.643139367,549.742189852,546.424037268,543.484922761,542.171149616,541.906219529,543.7035068480001,544.884131008,545.121412068,543.200263449,539.111861966,535.323392015,532.783825995,531.284641891,531.070922601,531.920957835,534.011487931,536.1981718889998
India,697.0700733189999,698.772150817,700.942773675,703.632654256,706.60495542,709.560910152,715.630284332,726.413945454,738.7570868700002,749.777913759,756.8664371210001,759.6228425959999,760.395808276,760.170553883,760.222950985,761.6553920900002,754.9335122690001,734.9988041299998,709.404838048,686.100356306,673.045108715,667.7187002410002,662.704431826,658.7003164399998,656.703195585,657.010400811,659.394350747,664.1652140159999
Indonesia,385.21783054800005,384.322192959,383.965755764,384.31302342699996,385.5628201,387.889798859,390.942944212,394.175756039,397.260308045,399.964441333,402.05960421599997,403.46651573400004,404.45964141,405.17833084800003,405.788756664,406.46565359199997,410.698413762,419.801098813,430.54013249300004,439.688103767,443.990370501,444.762468418,445.60296244,446.561139386,447.631636927,448.751926584,449.87777623,450.983817756
Iran,459.882992639,468.55051350300005,471.42418421900004,477.24759081,486.577295505,496.16410781900004,506.46288139999996,517.5740690929999,529.0312863419999,539.964631525,550.690496899,563.180213943,577.238873055,591.420704665,601.6277667400002,605.215880804,603.679890421,598.583300047,591.4738175250002,583.379339489,575.6115490990001,567.928170204,559.145499231,550.143318124,541.282232265,532.333888892,523.537844733,515.343880258
Iraq,424.577879868,430.65574829300004,445.74102046900003,453.901881636,458.647805769,462.48715319800004,466.123855527,470.03957789300006,473.640479752,476.709762655,478.53422517300004,478.986342028,477.79194470199997,475.475321683,474.767044295,471.64154748,467.181166465,469.80189981300003,475.84020507200006,480.73913871200006,484.542237946,488.63484491800006,492.807047829,494.386708527,493.524853546,491.325648769,488.63208745,485.4096169
Ireland,684.877474661,692.269990825,700.22881784,708.9059240189999,718.15483498,727.7748471049998,737.13082748,745.6593083739999,752.9659706760001,758.746293525,762.9098899449998,765.6739107239999,767.3240471,767.876989742,767.59138696,766.3660703080001,767.226202678,769.2941149430001,769.96128048,767.9199554510001,761.107489156,751.9335511410001,743.8341147939999,736.5397582810001,729.652948518,722.423666984,715.0359534950002,708.325614935
Israel,332.302149316,333.394895184,334.446423464,335.444502904,336.518790234,337.328402266,338.88583510200004,341.48729891700003,344.639152105,347.140933449,347.92163406099996,347.2860345590001,345.902648265,344.131965474,342.128066065,340.070032254,337.68412317,334.6017884000001,331.225260078,327.819200462,324.885443148,322.591110578,320.640293246,319.074764188,317.626727825,316.34815443599996,315.34778575400003,314.861923832
Italy,361.660073557,358.6530977440001,355.356069784,351.998743215,348.64363994,345.385209809,343.059892517,341.722936223,340.969095036,340.03962517900004,338.338706494,336.313691699,334.490639777,332.740124731,330.997168792,328.867401837,326.9816323849999,325.307355909,323.774418201,321.69726885,319.10402271,316.186613797,313.06533275,309.76866324900004,306.481245942,303.2050184050001,300.067947017,296.642066188
Jamaica,776.668244513,778.34648791,780.204898008,782.140352666,784.394966738,786.9146906189999,789.484593454,792.3304210819998,795.2729141880001,798.3174564679999,801.114687882,803.7190242830002,806.9076239010001,810.915606335,815.785727017,821.1699312579999,829.8513864639999,843.1306910669999,858.1715404920001,872.2350426830002,881.8865485460001,887.511177315,892.394895219,896.6144747819998,900.0572754169999,902.011717661,901.257809482,897.275060437
Japan,382.56163439999995,383.031369975,382.77101455699994,382.44396066,381.8298075,381.05960463,380.27630527800005,378.998742421,377.66047872,376.11139226,374.09878887599996,371.52350334,367.659510053,363.486284995,359.536611231,356.32470789,354.118446721,351.7513126209999,349.51955822699995,347.54941259699996,345.723066813,344.32579479699996,342.92264919400003,341.767902236,340.920750365,340.45011464099997,340.51709813400004,340.472503061
Jordan,443.638835449,448.654087509,453.139794219,457.181649577,460.841213545,463.975749418,466.64764459400004,469.137372948,471.470480595,473.638653664,475.040377298,474.884796325,473.58000128599997,472.011625094,470.853077368,478.1368192700001,486.161925526,488.56883540300004,491.35580283900003,493.894548004,495.87617438700005,495.40290459900007,499.418221155,505.552813265,508.16363329300003,510.76644844099997,513.082129519,514.841509407
Kazakhstan,1366.24678508,1321.3974340799996,1289.60572478,1269.66625834,1261.3043984899996,1262.47246269,1283.30722301,1327.413437,1384.28029769,1444.0834863,1494.94658324,1537.31320414,1579.10426661,1620.22847284,1659.82636049,1695.67515467,1731.5071346999998,1768.5546950199996,1802.57483394,1829.28136728,1841.98769445,1841.95668507,1835.52431389,1822.46694286,1803.43835578,1778.79037837,1748.28401503,1711.7175707400004
Kenya,542.4363092359999,547.928192454,553.607621968,559.69022648,566.008666511,572.20743306,578.607947701,585.581488477,592.656497267,599.323073681,604.954916265,609.507650745,613.478098217,616.9082543740001,619.9444564519999,622.546178874,623.073352243,621.124310994,618.196987037,616.0580361000002,616.631257657,619.3784222300002,622.5163516270002,625.834902899,629.430705335,633.480107479,638.146818183,643.356397818
Kiribati,598.70294984,596.771224646,594.068274662,591.341842433,589.1689656460002,587.7217510190001,587.069966623,587.109179629,587.634849115,588.657933629,589.981771318,591.300185887,592.945946746,595.1980539260002,598.2965177250002,602.060550767,606.900417205,612.982121676,619.227012479,624.6080693490001,627.992010532,629.579678543,630.5877053190001,631.1254448029998,631.348841851,631.303272313,630.9984634819999,630.525130129
Kuwait,536.323877781,543.5545132569999,548.443173546,550.617334165,550.526583899,549.298581647,554.018776215,559.278821482,560.350875357,562.861593096,566.2874886,569.83105328,572.3333370949998,571.576452022,571.4821887100002,573.410736249,577.2839537780001,584.304091814,591.2189816719999,597.341342886,601.227421487,602.21451303,602.207056683,603.388903915,604.1441558509999,602.693967379,600.689699928,597.70823204
Kyrgyzstan,1417.21148579,1430.4396217800004,1442.51309747,1452.25952729,1461.5540679,1468.91289685,1472.03118466,1471.24543733,1468.4031222699996,1468.02486422,1471.66662094,1476.12999778,1477.8384058,1478.02526294,1479.54797473,1483.56816289,1489.51397372,1494.98006184,1499.22499747,1501.73202769,1501.29431574,1496.52407066,1487.21543849,1474.53002314,1459.16454964,1441.46688296,1421.67698306,1399.8762092
Laos,473.843291071,476.440700955,479.04880320600006,481.41434263800005,483.52046087300005,485.464313732,487.74038467,490.41927676,493.316653575,496.272773254,498.90634412300005,501.354978409,503.87744050699996,506.594759135,509.83559509800006,513.9155581719999,519.146371613,524.950727271,530.78079388,536.4511277820001,541.617282225,546.1909348969999,550.240884245,553.741371148,556.6483917090001,558.900080749,560.537415933,561.613877612
Latvia,2438.09045631,2428.46264014,2420.53724793,2413.32333089,2409.11239688,2408.80277539,2409.7007591,2411.57682132,2413.74925945,2417.91290622,2423.85507319,2429.39516704,2432.64736958,2433.9011191100008,2434.04646837,2432.37887947,2426.71936766,2413.62629587,2396.702797860001,2379.47462264,2365.90851397,2355.53375874,2341.73513422,2325.61472954,2306.98795169,2286.5281952,2267.52060106,2248.75136522
Lebanon,446.640251911,454.354917421,461.02704953000006,466.715592706,472.85891808800005,478.211134639,482.879348868,486.948134101,489.723692185,491.95524879699997,493.958318639,494.942988046,496.03109039300006,497.76398681100005,499.36536601800003,501.806496275,505.869224679,511.251980858,516.887404103,521.4692744470001,525.38087589,531.1032635810002,547.8625869890001,565.3592021029999,569.3140663099998,567.464489375,566.305325467,565.658320614
Lesotho,742.9688164840001,744.164651654,746.8888134460001,750.9484888510001,756.1539041569998,762.275871834,770.62385592,781.254738624,792.8583351960001,804.1302366400001,813.772396346,821.3204774019999,827.4473147829999,832.7146273230001,837.696108342,843.040059693,849.500957275,857.2395063519999,865.31428072,872.4464624560001,877.355667812,880.2999766260001,882.48571129,883.9089071920001,884.681837015,884.9249357939999,884.6662221020001,884.072830078
Liberia,440.28150202,443.899079583,447.771660984,443.946232831,444.148315746,447.20295538000005,456.781667627,466.186344308,471.306981628,478.683535684,483.26339837,485.31929918699996,482.90879029100006,479.91587405,481.347851221,483.72906727,488.029247877,492.86035764800005,495.27646062800005,497.301182575,502.43523027199996,505.491971039,504.038534969,504.163186004,505.251205894,506.513463626,508.63290628699997,511.30320754699994
Libya,466.148605736,474.80097276699996,484.246273847,494.12812667099996,503.77033665,513.5526281670001,523.38472732,533.705703578,544.4596066529999,555.043023791,565.476952021,575.186950844,583.636981503,591.230689663,598.019337318,604.263465707,609.858406341,614.118609415,616.6664291000001,617.505026871,615.119990157,613.001039044,613.5042438410002,612.5654974529999,610.3824600820001,608.077342325,605.903562938,603.7137928660002
Lithuania,2587.16197228,2553.78693559,2525.10290541,2501.34433984,2484.7888589000004,2476.93684372,2474.4141178000004,2476.27488386,2478.66932764,2480.53248777,2480.85728642,2470.04773394,2447.67612043,2419.84904745,2394.25982936,2378.59633661,2367.956663650001,2355.69954105,2342.33634753,2329.1433860800007,2319.32441041,2311.53229462,2304.25747053,2296.4622411600008,2286.5767508500007,2274.77566363,2262.15163475,2250.06308426
Luxembourg,631.23804081,633.848902606,635.8505894689998,637.039472187,637.057708072,635.8786701,635.00359711,634.599930351,634.170444052,633.664625241,632.1299395269999,628.216082982,621.5600615669999,614.048860419,608.5450580419999,604.3420973330001,601.360750488,597.7048478869999,594.421359499,592.0227570569999,590.34999526,590.242246671,591.845797788,591.87430466,590.7897389330001,589.9445222630001,589.976720986,590.3558994809999
Macedonia,1003.21459011,1007.80808705,1011.24286079,1013.36922877,1014.60494482,1016.69697126,1018.44286248,1018.2547672000001,1030.02937879,1031.72949756,1016.13180403,1023.5785602,1041.88859065,1058.90470686,1075.50961708,1089.3422891300004,1103.18297309,1118.0399490999998,1132.13173877,1143.0014387,1148.58229383,1151.13552062,1152.1777203,1152.31580162,1150.27027343,1146.66191173,1142.95203632,1136.87872406
Madagascar,686.925282092,687.25461448,687.6520207980001,688.0509925289999,688.5743548849998,689.224518312,689.9145111610001,690.702772586,691.449936653,692.0888399539999,692.370116615,691.7631893810001,690.451583702,689.067838273,688.243277495,688.498651004,689.6025312620001,690.8738884339999,692.267407934,693.995776878,696.177036968,698.4593915260001,700.4771594030001,702.4427189520002,704.681454658,707.2424521080002,710.053676398,713.017757185
Malawi,679.64978891,686.779964332,693.6964517819998,696.550282476,691.496394952,689.711728395,695.3706983510001,701.2608625910001,706.578691506,710.50791628,712.6557788900002,713.772818923,714.5982920299998,714.83318345,714.4765170439999,713.576635191,712.165853448,710.600310717,709.6041700710001,709.4928064669998,710.4343693550002,712.621825945,715.5325849679999,719.180936231,723.3893363660001,728.184349202,733.61173401,739.2413025789999
Malaysia,413.83558483699994,417.747613365,421.158230306,424.20546127500006,427.330090964,430.64208596599997,433.86605293300005,437.17386011699995,440.361371949,443.130891331,446.418903771,446.071287955,440.30892529199997,433.05978422699997,426.83317309800003,425.046680476,426.88281819199995,429.063571325,431.41183998199995,433.546792086,435.58711544199997,437.587706896,439.45548603699996,441.299649931,443.11758555100005,443.90634554200005,444.283464934,445.075387894
Maldives,392.36266446199994,393.52775659599996,395.76529606199995,398.943090675,403.13667506699994,408.237235245,413.93583001300004,420.61130356000007,428.16608250900003,436.343576145,444.70001273599996,452.839134149,461.27586030099997,470.022761395,479.190737765,488.93626146599996,500.73338245800005,515.508448292,531.583204928,547.400038191,561.3481414949998,573.84519629,586.262368931,598.0365283780001,608.757258839,618.158517106,626.328173898,633.267114645
Mali,425.770473047,425.00284735300005,424.41384751199996,424.145760334,424.67978198099996,426.059129617,427.33181113800003,428.29858873000006,428.8279522840001,428.98375620699994,428.79498832799993,428.137656437,427.116410632,425.92113870400004,424.72881109300005,423.850812049,423.81862869199995,424.77166027,426.21293491,427.63097736599997,428.584413998,428.40522579099996,428.48955981500006,429.7421018490001,431.35919441,433.12721296100005,434.967111705,436.837890178
Malta,504.873873693,505.08421307699996,505.649454069,506.313585723,507.24457594300003,508.22823675800004,510.301472016,514.385817006,519.029754942,523.03254611,525.2059390969999,525.730758864,525.6927983620001,525.723914102,525.50302026,525.546496759,526.551043228,527.5937265279999,528.570836537,528.097345777,526.4892379500002,524.213845914,521.286684496,517.644935903,512.711304102,507.310596979,501.53824902,495.38700076599997
Marshall Islands,559.13506696,565.465559817,572.687115171,580.6722710509999,589.2362142119999,597.991371237,606.889213938,615.959445801,625.010716416,633.790601857,641.8631334840001,649.1921368860002,655.992249991,662.2257551690001,667.888981117,672.8291987609999,677.840211768,683.444973586,689.125365033,694.274819835,698.095362098,700.924097778,703.6529913889999,706.346496595,709.046255507,711.721053563,714.3010872960001,716.73747143
Mauritania,456.948608085,457.5929586240001,458.2651766990001,458.952241432,459.798344525,460.766193279,461.631281131,462.361911391,462.977537599,463.57762702699995,464.135747747,464.3336685590001,464.107128353,463.68671174599996,463.31643650300003,463.193556149,463.87647108699997,465.46293753199996,467.39868598,469.169999274,470.253696104,470.997938598,472.146115287,473.67478897300003,475.608265134,477.955403171,480.712112349,483.82941375400003
Mauritius,708.3249643089999,708.913400228,708.75546814,708.855909564,709.3959352689999,710.6295762020001,711.245144543,710.5949123260001,709.5044131770002,708.193839002,706.87380608,705.2016730460001,703.6379495660001,702.9871705080001,703.779560794,706.1090089339999,710.957670827,718.219750693,726.5384442389999,734.3093037780001,739.8203475989999,743.2297818740001,746.2093655960001,749.3592569780002,752.5945589419998,755.782343483,758.335678893,760.2609948129999
Mexico,855.149386915,847.5058246039999,841.737464813,838.2418508119999,837.7758778360001,840.6794062339999,846.933652973,856.0722180289999,866.3059811869999,875.9382950539999,883.1855712460001,886.3912012039999,886.6547730189999,885.7856297349998,885.8993576619999,889.3907626800002,896.7647182009999,906.264367438,916.356826642,925.423013068,932.08297617,936.787315655,941.152794703,945.1048036569999,948.402486394,950.9025475889999,952.475344505,953.19479375
Moldova,2073.15100385,2048.40267292,2027.57919717,2010.38654415,1999.47760046,1995.98917377,1996.38401632,1997.3107653,2000.29037354,2008.23756012,2022.05322426,2044.81841352,2072.96321703,2104.20791883,2134.62819083,2159.42598975,2182.41205334,2203.9205716300007,2225.29703066,2243.40295374,2256.26978233,2267.16015317,2274.445181960001,2280.85948503,2284.25338476,2284.78970258,2284.91430476,2282.46037359
Mongolia,984.1561461660001,1005.78567573,1029.63751379,1054.91862302,1082.05953909,1109.31535524,1137.40593071,1170.29639712,1206.72485678,1247.5477041,1292.48534922,1344.40585407,1407.43391694,1474.82581596,1542.82656549,1605.50293464,1663.84770488,1722.92480068,1774.66832203,1814.45961742,1838.04126189,1847.99549741,1854.17691347,1854.70774854,1850.76636207,1844.33210717,1834.84554219,1823.26120181
Montenegro,1038.82144543,1039.1987464,1039.05244274,1038.4634701999998,1037.8191584,1037.45451469,1036.43805081,1033.80749051,1031.02738251,1029.23245919,1030.04618142,1035.72141235,1045.39495672,1056.9356324100004,1067.59630183,1075.66575475,1082.56515186,1089.40425001,1095.7246711,1100.04114905,1102.11820192,1103.05907773,1103.11520006,1102.6252362,1100.95619405,1098.23145199,1094.78081703,1089.71443714
Morocco,419.32842470599996,422.15603988099997,424.92783871,427.6398256,430.32803868800005,433.14397983699996,436.323916286,440.0865314440001,444.01741922300005,447.75459727599997,450.98244886300006,453.56956346699997,456.054563024,458.446186645,460.771323949,463.119486055,466.274947438,470.63113788199996,475.256400149,479.24545293000006,481.674737065,482.703200307,483.292243185,483.50205372000005,483.454727475,483.218743105,482.68901633400003,481.88473023000006
Mozambique,690.6837159969999,693.2524274110001,695.868314232,698.42727639,700.7537596139999,702.69428768,704.2403984509999,706.0682469879998,708.088988793,709.8966550560001,711.088270983,711.9354772810001,712.9353821789999,713.561007592,713.296419163,711.660255576,708.808067127,705.646927105,702.686350506,700.490733398,699.551041477,700.2088852750002,702.3433525490001,705.80543637,710.6271413850002,716.875495228,724.6390518060001,733.767645264
Myanmar,491.26234154599996,495.491445125,499.599744294,503.50817519699996,507.041575711,510.250453083,513.184455404,516.290642129,519.3492261409999,522.057084887,524.3025135299998,525.8922472720001,527.22118821,528.4435493240001,529.675233739,531.144715476,533.100006575,535.7019848169999,538.5132104850002,541.230955696,543.5684610110002,545.3801846709999,547.142230713,548.862892807,550.5713551800002,552.342802504,554.000070701,555.50700768
Namibia,761.6325597619998,764.608394502,767.8417646720001,771.2442357289999,774.851512973,778.5502459310001,783.0535429729998,788.382739444,794.0610641869999,799.6492618899998,804.6588385480002,808.369683842,810.861417681,812.84565924,815.1046795249998,818.4927359270001,823.118992225,828.5849492709999,834.2997624889999,839.568003265,843.8305034969998,847.14014893,850.1842460160001,852.8363754530001,854.95835089,856.5727042259999,857.6497361080001,858.4363894339999
Nepal,669.212109286,668.728047231,668.8174977269999,669.5019703280001,670.713504253,672.312367602,673.6981100319999,674.7112546899998,675.88724346,677.734418516,680.745487334,684.9279580259999,689.653768988,694.733140329,699.9691823190001,705.066131958,713.72280196,727.592837965,743.432347573,758.052633282,768.244050522,775.455058966,783.211859588,791.311826331,799.598760596,807.9058672169999,816.2295126380002,824.400696703
Netherlands,478.375108134,479.63564057699995,479.914642756,479.45252548300004,478.312965053,476.05209593300003,473.372193236,469.809494899,465.71125574300004,461.48394775800006,457.569179404,450.435959484,438.330899885,424.70551297,412.59869114800006,405.156766721,401.238817576,397.249923355,393.814395589,391.28434599900004,389.920633516,389.561075891,389.792160451,391.02604053,393.32617668800003,396.36052625,400.365907641,404.906867789
New Zealand,946.385172355,949.5813113869999,949.4876164110001,946.6496738669999,942.000014904,936.668326527,920.821513872,890.7721486360001,857.0219629620001,828.660695917,814.181538598,811.229335921,811.107184503,813.4576196060001,816.925789278,820.5100485649998,829.0184019950002,843.94179962,862.114156996,880.533722487,895.996966009,908.868532747,920.853661117,932.488921915,943.7201488210001,954.775318221,964.930911143,973.750629845
Nicaragua,808.106179914,816.1144190269998,824.9160680350002,834.5310985650002,844.8754542959999,856.0499609159999,868.997527425,884.052741894,899.856041255,914.694666287,926.7471163910001,934.0806983210001,937.60410322,939.681993577,942.6862511160001,949.036358179,958.496603145,968.686966211,978.933226624,988.629865933,997.08893033,1004.40173885,1011.06960815,1016.82816709,1021.66850513,1025.8144184,1029.31213518,1032.08753312
Niger,420.53559817800004,421.85704557800005,423.379261094,425.129187304,426.95356735400003,428.510997818,429.773554583,430.407401283,430.455000621,429.876125991,428.597267737,426.573289083,423.73403846,420.49509224300004,417.14046443800004,414.00914513699996,411.671872857,410.095779128,408.98421065300005,408.02685566599996,406.90263211800004,405.910181642,405.456859204,405.412404972,405.71227206099996,406.313733995,407.25577636300005,408.49460162599996
Nigeria,486.7058732,481.77208856199996,477.379097007,473.858190756,471.601274297,470.886650846,471.215588116,471.74327553,472.278535223,472.728109399,472.959362998,472.736491089,472.048064136,471.089332413,470.014480359,469.000374279,469.798563,472.884019313,476.662861616,479.556309698,480.03643642099996,478.81224255300003,477.70232937,476.86372538800003,476.369191194,476.242012063,476.43376130400003,476.928095779
North Korea,752.448902922,753.434472357,754.00763196,754.3295888399998,754.5379836210001,755.5743409429999,757.849626468,760.623689152,763.7948174210001,767.23053655,770.813183409,774.495226676,778.327303574,781.841980463,785.340525015,789.739605708,796.0135895069998,804.2034104139999,813.3448376639999,822.4131393600002,830.0752869009999,836.6829736469999,843.31172653,849.936725483,856.45735531,862.6256762549998,868.404034727,873.6893187219999
Northern Mariana Islands,944.1802256430001,946.873819565,937.824641347,924.597661294,915.532657185,915.772434119,925.984322087,940.537087185,954.611199195,963.896878412,964.841496949,954.847937191,935.85360911,916.599001965,902.523030709,893.210443595,888.4124993060001,885.7611823919998,882.780618347,876.049005916,864.243424595,851.4743829130002,841.3412690189999,835.100750355,831.96248816,830.961454093,832.089157192,835.4208939519999
Norway,725.277026606,719.410735713,713.2298949039999,707.1746068660001,701.818026255,697.2105812469999,693.5027175739999,690.157943833,686.993781293,683.347925015,678.530333467,668.3384321760001,651.910429088,633.7932192669999,618.76292467,611.2657000380001,609.943927261,609.6170625990001,609.6791611240001,609.7165698240001,609.578783897,609.513034402,609.174798885,608.247379583,606.636839332,604.7487073479999,602.6309994769999,600.00561613
Oman,450.86848278699995,451.445952622,454.176878215,456.182504376,457.909885801,461.46237287099996,466.497900463,472.532950324,477.24763866100005,481.293424929,487.28441156,492.811976611,499.77861936000005,507.394356768,510.346505234,511.864916859,521.482467057,542.3608781519999,563.6804627270001,579.608093573,595.016486978,623.821646114,654.5957300079999,663.259456834,656.041344642,651.9695922100002,656.574634662,654.7002849969999
Pakistan,657.3752955819999,660.599502833,663.5676440980001,666.321994498,668.798067319,670.9609040759999,672.9881306919999,674.870005881,676.835026406,679.044911397,681.756796258,686.0251814640001,691.984278832,698.8351694419999,705.7475218019999,711.9745621899998,718.238056882,725.353862326,732.9855071220002,740.675584087,747.93142671,754.966805438,762.2457358060001,769.9977943810001,778.059439321,785.973405699,793.669517855,801.1368798020001
Palestine,394.484101356,396.17283758300005,397.72207035400004,399.098606103,400.443481055,401.81724337300005,403.548027729,405.783330585,408.319711256,411.010584206,413.484716805,415.677459809,417.869879996,420.29636920400003,423.188657467,426.713687083,431.90880624,438.917806465,446.44192556300004,453.26102235800005,458.407736564,462.31231481199995,466.01227653,469.42470367199996,472.590422791,475.410313785,477.85637669,479.97816913400004
Panama,752.8748035919998,756.5697379530001,760.313641933,763.924465457,767.1024865969998,769.7241597240001,772.900254853,776.9242185960001,780.983776209,784.1950804669998,785.8727767830002,786.2614132629999,786.085759753,785.8313797330001,785.836402065,786.3992157189999,789.4187093849998,795.1304963719999,801.63647985,806.9730609590001,809.093831144,809.008006355,808.8069250389999,808.52188091,808.0656714410001,807.3215194930002,806.4221178930001,805.161061195
Papua New Guinea,642.294598928,642.778562741,643.144521748,643.486525498,643.872726654,644.417811992,645.0664479769999,645.872035438,646.852012747,648.038285792,649.499343027,650.996278383,652.743880028,654.8781117899998,657.489110161,660.6378578279998,664.459406909,669.1234851930001,674.097105321,678.844672575,682.80861585,685.950194824,688.716382743,691.138007235,693.2225196239999,694.942535635,696.244157072,697.099977139
Paraguay,961.278818034,961.3003680410001,962.092132158,963.967620351,966.93633497,970.741872419,975.339501143,982.2790819260001,991.005034502,1000.82635544,1010.85852366,1021.87918381,1035.64944425,1050.4716118,1064.48989012,1076.44121177,1087.473961,1099.90210457,1112.21853149,1123.19485248,1132.20336163,1139.0995532,1144.7333535999999,1149.06812943,1152.36252331,1155.01572354,1156.95338663,1158.24644995
Peru,796.876008271,796.0290296079999,795.9180166269998,796.3852349709999,798.043382413,801.576077553,807.112083631,813.8679339360001,820.9249239009999,827.5879650789999,833.2680892340001,836.5754492960001,837.158771491,836.035651806,834.1816711360001,832.6339688260001,831.2125981449999,829.3678729830002,827.52269039,825.6244819860001,823.5592278119998,820.8846409380001,817.0834517679999,812.1987632679999,806.7542850240001,801.065378353,795.3457058339999,789.579368778
Philippines,564.409882409,563.905199219,562.979605619,561.728890315,560.160037416,558.2715297980001,555.4159931610002,551.2219643540001,546.191959229,540.862575116,535.792348705,530.252514924,524.0298778480001,518.544220152,515.100813268,514.874389081,517.1714030210002,520.364759498,524.0947840619999,527.722500166,530.595912265,532.707012988,534.6684006019999,536.5745903679999,538.4215119080001,540.2044188809999,541.888674968,543.3497370260002
Poland,1121.11496896,1129.24034863,1138.34928858,1148.20536692,1158.13676864,1167.52447459,1177.37096379,1189.05311226,1202.11664049,1215.33856328,1227.41994258,1240.52771718,1256.207402,1272.47468693,1286.7917708900004,1296.60891691,1302.39084144,1306.5505649,1309.26081191,1310.86142528,1311.51889655,1311.14871018,1310.16929968,1308.78186659,1306.87985845,1304.26211119,1300.73454533,1296.30454342
Portugal,513.391245627,517.3118973859999,522.0081549280001,526.406732906,530.230409448,533.783235631,539.002025244,546.766391429,554.472833636,559.85334732,560.5344405049998,556.5525795020001,550.882749882,544.170071031,537.4120992640001,531.042956771,524.765108552,518.546873162,512.353957805,506.715057279,501.8792905940001,497.730320334,493.949837569,490.439092815,487.2423060050001,484.28297556,481.513949637,478.76537123800006
Puerto Rico,1048.42633618,1052.42050568,1056.06302295,1059.00853544,1061.00389185,1062.34810778,1061.53289922,1058.55868004,1053.99671059,1048.37684754,1042.77669692,1035.7106377999999,1026.80683074,1017.40647512,1008.70179825,1001.96264281,995.341775456,987.374082985,978.958416111,970.74720855,963.32092863,956.042972576,948.5262347339999,941.0480242760001,933.951256495,927.2800879560001,920.452557008,913.421424117
Qatar,615.528441861,612.3778302000002,610.138713879,608.53053177,606.401332617,603.003442736,599.366436724,596.9124395590001,595.436632399,595.71419965,597.6004539969999,598.14178673,596.475511488,594.657380292,598.765566495,615.366254433,642.096666774,674.3803989639998,706.452727033,733.324722083,751.3453471199998,758.07398356,760.5876164289999,761.2234821669999,760.5969115720001,758.2834747640001,754.002251901,748.652035342
Romania,1168.19428503,1177.79291,1186.0063103700004,1195.03548451,1203.1068709,1210.19478849,1210.73988385,1201.1134861,1186.90241066,1173.34782607,1166.35121253,1163.00901948,1157.33422157,1150.03859828,1143.25285182,1137.58053745,1129.38423284,1116.62573225,1101.82534121,1087.85243393,1077.26062186,1069.32139004,1060.66456271,1052.90323426,1045.50743211,1037.4905313,1029.95342852,1024.20947587
Russian Federation,2604.19455225,2586.2718434900007,2573.83538638,2570.90469576,2573.72237095,2582.78957957,2608.0239363,2652.09396471,2706.35556407,2758.40091799,2796.22868147,2820.95998415,2842.41355422,2866.23319108,2889.48708077,2912.77264332,2937.93906689,2958.98026363,2976.67249753,2982.72817697,2971.38050702,2944.44345812,2901.96754788,2849.63801301,2785.33399517,2709.24970036,2624.23634939,2528.26861558
Rwanda,858.199850127,855.767785173,854.2945762139999,856.8055430899999,837.8693342910001,822.012782633,825.875362257,831.2566631289999,839.254911067,848.0184459010001,857.2807292330002,868.5689084669999,882.193477258,895.7358826120001,907.642664061,916.864958065,923.072614561,927.9455131269999,928.951928813,929.640686448,933.743948579,937.5929530489999,940.511595892,940.4600995139999,940.4788516489999,942.215878502,943.702138515,944.782801839
Saint Lucia,875.652416742,884.9064391080001,893.8775427009999,902.65272062,911.381715872,920.490501272,930.722578998,943.067569831,956.1973313469999,968.652552148,979.1308778289999,987.5431059819999,995.629530108,1003.44468805,1011.31439243,1019.67780082,1028.79746661,1038.60727903,1048.31813794,1057.15679849,1064.41967098,1069.56785728,1073.04562258,1074.90774788,1075.38659595,1074.8475718900004,1073.09087692,1070.28126412
Saint Vincent and the Grenadines,890.3980694810001,904.951213383,919.143399058,933.184689244,947.018689285,960.778512971,974.988255348,990.434099495,1005.84555735,1019.71803815,1031.05308266,1040.72459203,1050.61225386,1060.23856623,1068.94561389,1076.12361393,1082.55397294,1089.35091032,1095.847081,1101.17080837,1104.5158525,1105.89876891,1106.60520641,1106.8640439,1106.57463855,1105.72101005,1103.76546505,1100.64705812
Samoa,600.7528290719999,602.3394574719999,604.395873038,605.935187369,606.741979357,607.101818422,607.1905952469999,606.934735035,606.291765821,605.528537465,604.806218789,604.3870582119999,604.74534894,605.634276432,606.683500325,607.423538213,608.887957542,611.863282729,615.7716946520002,619.427170842,621.337453281,621.96161981,622.381404008,622.0423896469999,621.0172418369999,619.94729849,618.929240069,617.7196424809999
Sao Tome and Principe,448.02566612,449.8217999840001,452.034590122,454.589900776,457.527983857,460.915902187,464.972233637,469.71296934699996,474.738608283,479.83853590900003,484.82554679699996,489.720933146,494.641183048,499.298464055,503.66330957199995,507.92729702300005,512.339393663,516.847137049,521.221922791,525.2979190030001,528.993104209,532.56220251,536.407523833,540.517692002,544.928648771,549.767870702,555.0922429679998,560.815580465
Saudi Arabia,439.88534691800004,444.465537876,448.930860498,453.06041795499993,457.055380494,461.017340887,465.408307528,469.8861122440001,474.381254197,478.95858965,483.74017386599996,488.93645371199995,494.53377440099996,500.84941523099997,508.24081290099997,517.085062539,528.56923437,542.760974668,558.063302649,572.741267262,584.986988955,594.7687167199998,603.316230003,610.585219823,616.536881142,621.124219222,624.33294625,626.076490935
Senegal,432.512233459,435.08938968300004,438.112061153,441.52892571,445.236454126,449.041501684,452.977309171,456.972131595,460.840059815,464.474661803,467.66578477800005,470.173984113,471.92553233,473.090622082,473.926187841,474.68084312699995,475.905035517,477.670478201,479.576122286,481.16538432199997,481.974710762,482.36740537699995,483.01336408699996,483.93200131199995,485.055513885,486.34849998699997,487.82896047099996,489.464630287
Serbia,1123.98505711,1128.003609,1131.62009903,1131.71859395,1132.42183239,1132.24988127,1129.18370106,1125.25281313,1115.66054722,1112.77869417,1118.99355501,1123.84153285,1130.83379905,1141.25121572,1150.86502867,1157.18085778,1162.61890615,1168.06478836,1171.36286236,1173.62142462,1174.24954222,1173.05439853,1172.7523063,1170.28068021,1165.60387625,1161.32628949,1156.2886901,1150.65667285
Seychelles,508.88267674,515.901825416,522.688495387,529.0599702569999,534.5975569870001,538.900207993,543.0416911230001,547.974988707,553.536129724,559.192729744,564.416751764,568.595729152,571.75621198,574.1469588719999,576.27000037,578.6033784279999,581.2345618539998,583.742187673,585.844353427,587.375520609,588.098826637,587.980116639,587.23411076,585.9273027309999,584.205640081,582.1998059819999,580.001807721,577.7463506280001
Sierra Leone,464.630592521,457.92403794300003,453.454378991,454.43383525900003,454.07102680699995,452.912968322,454.48100819300004,451.5801605840001,450.031048449,453.66577151300004,458.261006562,463.62894311800005,467.88533440199996,471.282143598,473.43701753,474.79023789800004,476.169214864,478.00622418,480.86926377699996,484.190806151,486.87300174700005,489.41875004400003,491.96615975300006,494.83446658699995,498.115160718,501.565072943,505.604556916,509.66830576100006
Singapore,411.264285583,410.52564897199994,409.891301712,408.74797620699997,407.75935694,407.214201285,406.858411389,406.871076206,407.331036663,407.01793555800003,404.38206724699995,399.59656824700005,394.99995468,391.530553874,389.09114254400004,388.191814689,388.498595968,388.730713691,388.87673842099997,389.019508521,389.83341372,390.00260222699995,388.624045311,386.938645132,385.83581858699995,387.762075887,390.226982748,389.68171877199995
Slovakia,1271.78889973,1279.32097658,1285.83126186,1292.51373346,1300.21093071,1308.80546994,1314.2414214399996,1314.81292896,1314.06812693,1315.34249255,1321.7117213499996,1335.89432779,1355.87881956,1377.7836804,1397.78010637,1412.11514238,1421.97649191,1430.51130333,1437.11102389,1441.17300332,1442.6023282,1442.8646602,1443.20175032,1443.58974496,1443.64851001,1443.10138778,1442.06863845,1440.98846079
Slovenia,1211.6610267800004,1222.07503983,1232.70197331,1242.69976254,1252.40068614,1261.73113078,1268.65887962,1272.97224219,1275.80690982,1279.01642426,1283.93419717,1294.3727485000004,1311.3029258499996,1330.30553506,1346.78323594,1355.70332907,1356.6931967399996,1352.84523328,1345.68283178,1337.77361844,1331.28048957,1326.20586605,1320.38103816,1314.1384514299998,1308.05717359,1302.40207598,1297.65366626,1293.6170528700004
Solomon Islands,559.207475479,562.341673463,565.6382578910002,569.10918472,572.652090244,576.233676459,579.883305242,583.537553763,587.075511721,590.353343528,593.243112491,595.386056212,597.003193466,598.35080209,599.7542061170001,601.523961407,604.337602249,608.288346798,612.614579523,616.551130158,619.300245849,621.195668095,623.055576964,624.9110946679999,626.780367971,628.645591178,630.4616408119999,632.152963249
Somalia,646.6643867490001,639.122128155,643.902845018,650.118695254,656.610628285,664.020263169,670.292670606,677.8581122109999,686.53576588,694.7909882460001,700.4868462979999,703.577194488,705.5214067339999,705.6649819260001,704.8152552070002,702.990574152,701.200083378,699.0355545860001,695.572623268,692.2173771949998,687.16808931,682.996929566,681.70576864,681.563528705,681.7087087580001,683.0904584159999,685.505747381,687.46550309
South Africa,895.142966666,911.16745995,924.243646242,934.2208586419999,941.1326274930001,945.241267789,944.5273043239999,938.4309765339999,929.447836402,920.76584049,916.6455070330001,915.5123792589999,913.963512007,912.0762491410001,910.832344302,912.4188326130001,921.078089332,936.917181272,954.761417612,969.537890342,976.6959156460001,977.3082295419999,975.4087827660001,970.5226040089999,962.719873925,952.62123589,940.3115876060001,925.7538493210001
South Korea,933.436595108,939.6037196789999,942.7975634119999,944.2545518769999,944.6915901269999,943.723036395,941.570568024,936.928962127,931.664909296,925.919101958,920.401173589,918.2154846689999,917.883504513,918.2800823539999,916.901394162,912.442904349,905.0683163939999,895.469316056,885.3774895429999,876.1208986880002,869.5000138629998,864.9603925250002,859.91192836,855.1829097269998,850.114519038,845.287900713,839.922439788,833.442650308
South Sudan,726.867146664,725.939913134,724.9078749939999,723.7045908160001,722.366419403,720.9274118789999,719.6985132189999,718.387536792,716.765254191,714.813337313,712.245976707,709.072762658,705.49259426,701.8423938149998,698.50866304,695.81843557,693.964721756,692.674991774,691.7323708299998,690.799330287,689.787161202,689.8154857879999,690.2743011590001,684.420055511,676.729250644,668.011650721,662.6943235489998,665.790590983
Spain,494.993004585,498.53677792,502.0861406300001,504.812773439,506.973051589,508.423340486,510.075780116,512.81536977,515.382998079,516.906884249,517.0543462830001,515.35345571,513.095653931,510.190149891,506.85451361599996,503.61054181699996,500.570457462,498.118619769,495.61504463,491.96553627300005,487.039954562,481.25539235199994,475.50802549900004,469.87559984,464.59496501600006,460.19115004599996,456.436345968,453.02287285
Sri Lanka,566.745372789,577.72109309,587.993938221,597.0081791079999,604.693261229,610.571818261,615.1809748430001,619.510762335,623.0112656489998,625.683660733,627.4615753630001,628.1009107689998,627.758474478,626.440853817,624.452838359,622.3935097809999,619.932450613,616.636511553,612.722102909,608.468745939,604.2384434830001,600.0772189740001,595.804493654,591.332263227,586.901335077,582.720825901,578.958926419,575.649222505
Sudan,409.364618045,409.884173254,410.819609314,410.95043839,411.522334162,411.34847322,411.714506728,413.475783826,414.643337953,415.58430299,416.391050255,416.505554625,415.816349291,414.769786932,414.8114588,415.850715029,418.461141444,422.839226846,427.92286932900004,432.61695973900004,435.52946403699997,437.703539261,440.421945077,443.422754216,446.644093571,449.79345969300005,452.762238525,455.441601151
Suriname,877.407761301,884.066404212,891.3734421649998,898.755626444,904.763561126,911.8068996339999,918.386892347,925.859599393,933.5129664760001,940.2926447460001,946.2968191110001,950.4879510019999,955.3329764380001,960.557476971,965.7286482989999,969.5520952039999,972.148372408,974.177228712,975.37369412,975.909564508,974.945421613,974.1715363569999,971.702649405,968.539113049,963.7933738739999,958.275609844,952.499274704,946.0341149430001
Swaziland,698.2623590039999,703.635239147,709.6992001960001,716.508765697,723.8550172710001,731.4011607289999,739.9472202060001,749.8483686019998,760.2173628630001,770.017590553,778.282228037,784.5912527339999,789.6303964829999,793.9774212819998,798.3991411970002,803.74076793,810.4295705310001,818.1097845649998,826.088886621,833.679942437,840.323230716,845.839082097,850.6258889149998,854.874972817,858.7832795310001,862.4531162760001,865.969455346,869.262677072
Sweden,673.261995279,688.656817068,699.388790159,705.86471283,709.190439578,709.205502053,702.084127858,687.6777969269999,670.598613603,655.75385241,647.894974577,645.2596057979998,643.348917874,642.4624462630001,642.216413588,643.1353807200002,646.056499942,651.1990239090001,656.79628878,660.5684520980001,660.437775703,656.557236352,650.76652951,643.1819496239999,633.733369604,622.6232640759999,610.0724369950002,596.4054712330001
Switzerland,639.373571599,640.3051435980001,640.454060261,639.6928833410001,638.257334915,636.1389109180001,634.453546748,634.357893482,635.0680355239998,635.7560607969999,635.5419491380001,633.697491429,630.318447854,626.2188766959999,621.5722442580001,617.226985581,611.686881697,603.793371652,594.992148447,587.0170597919999,581.7620722050002,578.379353759,574.932067058,571.572967825,568.455105755,565.78328613,563.0525623660002,560.860212652
Syria,377.12572613199995,380.04319322699996,383.561930336,387.463685786,391.64803106,396.434052217,401.95593187599997,407.97147115300004,413.853589166,419.15535956400004,423.46488314,426.63293757,428.982344608,430.405516309,431.044120684,434.300221404,442.49775505,448.41239630900003,451.812378107,456.523201486,458.50783976400004,455.39147682,444.56628331800005,433.97197812699994,428.81994553199996,427.740879254,433.825851875,443.65986872199994
Taiwan,931.823766555,939.339555133,946.1523949369999,952.163509781,957.622248134,962.702582203,967.760775775,972.4801034019999,977.518007959,981.991919035,984.722400015,989.182337898,998.180610035,1010.18080018,1021.33876462,1030.84210657,1039.30004685,1048.2929487400004,1057.80869089,1066.23174502,1074.32616047,1081.5716049500004,1087.5427449899996,1092.59628906,1097.28578965,1102.89501567,1107.92140895,1112.73161611
Tajikistan,985.2440272389999,991.6853536460001,997.661975957,1001.82570252,1006.14937279,1010.92796328,1012.95377582,1013.93264935,1014.8621523,1018.29965099,1026.2111824,1038.28419718,1053.37634173,1070.01357084,1087.55579876,1105.4247255999999,1123.31847149,1141.81599062,1158.7339967,1172.83773144,1183.4146793,1189.29446011,1192.73400938,1193.2944973,1191.32930586,1186.81024798,1177.97980832,1165.80438357
Tanzania,657.4975147360001,660.3397787069999,663.6526281050002,667.268793726,670.964073436,674.530616841,678.128776535,682.4168804660002,686.904287175,690.915432461,693.8896017510001,695.994120776,697.9383907060001,699.548699103,700.648101987,701.108072055,700.8862463510001,700.193823897,699.3355228139999,698.6419088050002,698.297115747,698.2250298719998,698.372111788,698.999729443,700.248585552,702.1242506960001,704.6026877180001,707.531655976
Thailand,556.7836339309999,567.916667511,579.102190121,590.001914965,600.324455806,609.81657573,620.383795159,632.5485343419999,644.0008479329999,652.331946425,654.99867208,651.657788985,644.7959242100002,636.4662450870002,628.9559692939998,624.148677611,619.6094503219999,613.1219847030001,606.586349072,601.8399329680001,600.4355312160002,601.198399549,602.2007820690001,604.152241691,606.894160378,610.1815050390001,614.2108178560002,618.849782676
The Bahamas,1027.54370452,1035.28111207,1041.01169309,1044.87008956,1047.428395,1049.92941,1054.21341942,1060.19919823,1066.62903147,1072.28545074,1076.59273166,1080.89179645,1086.02153671,1091.1899752299996,1095.4039506200004,1098.38544979,1101.5346298,1106.0151754,1111.14284388,1115.718782,1119.21441797,1121.95335216,1124.46842096,1126.67081385,1127.84188468,1127.63747851,1126.13368745,1123.60797164
The Gambia,450.35054447699997,452.57284786199995,455.042600361,457.53922689300003,459.809206842,461.894662242,464.17173578700005,466.74895414,469.364634699,471.71237143300004,473.56974158800006,474.949107257,476.015188121,476.83868993199997,477.505708777,478.115036178,479.203468155,480.916867114,482.823751473,484.514302311,485.579566857,486.380439985,487.58492705300006,489.246304445,491.354675568,493.85167931300003,496.72496669300006,499.852816391
Timor-Leste,450.637787064,448.58755000599996,446.821114995,445.32329149300006,443.96668755900004,442.118330184,440.230761604,438.40588837800004,436.615240161,434.643847073,432.304722585,430.004372721,427.82322881500005,426.211147975,425.565369814,425.76556485599997,427.568369767,431.25406478800005,436.08013822099997,441.176390897,445.16657499800004,448.335628446,451.63499540699996,455.111652517,458.83421973,462.606786189,466.461962827,470.189555677
Togo,448.09947212699996,452.46054866700007,456.92843004400004,461.47672713400004,465.983314932,470.371077608,474.69320231800003,478.977777655,483.06581527599997,486.762106932,489.963255909,492.57605727099997,494.65476433,496.32841353099997,497.76784291,499.127225086,500.64166990200005,502.342751777,504.063322244,505.636781791,506.92850504,508.169966159,509.705245456,511.61560609099996,513.906277192,516.599848648,519.736962476,523.2093147180001
Tonga,564.783835843,567.136063155,569.5731530769999,572.0489051,574.6018053480001,577.267500086,580.3856760369999,584.015146307,587.769621289,591.296439149,594.146604657,596.360400801,598.227853127,599.844221466,601.3196187049998,602.735447948,605.313773826,609.5143580360001,614.4215224789999,618.84317479,621.82010361,624.097442535,626.8626053080001,630.0485776410002,633.5007301669999,637.12271237,640.874010925,644.586777136
Trinidad and Tobago,850.8357772239999,843.483787744,838.9517046389999,837.573555776,839.604820297,845.2337275169999,855.50829638,869.9065588789999,886.648993004,903.5683453080001,918.28825687,931.780829935,945.661810953,959.11435385,971.26690026,981.154805803,990.252827272,999.365708355,1006.99862781,1011.6859345,1011.88290162,1008.65844317,1003.98669453,997.9490675960001,990.574297575,981.814990075,971.721588434,960.1349679780001
Tunisia,441.085685468,445.4123047690001,449.893643649,454.475946969,459.14905835400003,463.88966447800004,469.27318128699994,475.532766649,482.14559320300003,488.48593018599996,493.92870729699996,498.72304623300005,503.47544358,508.06549224300005,512.3338154090001,516.09777775,520.6297052870001,526.381035202,531.8418277559999,535.621665387,536.49144122,535.082857267,532.809998785,529.824025719,526.3383250429998,522.554542988,518.733042338,514.975871608
Turkey,502.231303775,504.70106134199995,507.84641612,511.017299106,513.754944688,516.932588646,520.8948962410001,524.835839148,528.06796858,530.195142266,531.706434788,532.3879518130001,532.198651606,531.564465522,530.877041415,531.025254861,533.8668804280001,539.536542939,546.2708085510002,551.9182230209999,554.653382308,555.3634048250002,556.240395517,557.3971835819999,558.452203017,559.284768516,559.821315478,560.0094671119999
Turkmenistan,1116.08343022,1130.08184631,1145.60609628,1162.71264848,1181.75971571,1202.93602829,1227.04369188,1254.62471683,1283.9770698,1313.4746320299996,1341.68329364,1368.09964262,1393.93123346,1419.34419483,1444.6915251399996,1470.2666175000002,1497.2462446,1524.88919614,1549.86742448,1568.96130183,1578.89328176,1577.79173902,1566.6652992599998,1546.0800980000001,1516.72538681,1479.4447949100004,1435.02263101,1384.63958345
Uganda,577.340300103,577.859774896,578.0104698389998,577.889722818,577.553530755,577.241585211,576.8361953369999,576.817971241,577.130127459,577.592114187,578.094658178,578.490675508,579.128257431,579.854720187,580.6759162530001,581.6603684959999,581.623994239,580.33494913,578.739236936,577.881156079,578.758087486,580.940604621,583.401614776,586.208306937,589.4923919180001,593.241800762,597.560837217,602.268644911
Ukraine,2577.91449042,2583.27366924,2590.5583141,2601.68617214,2613.69105429,2626.16474574,2643.87901674,2669.67971908,2701.0983815,2728.35436694,2748.39831039,2757.15766766,2760.1529983000005,2762.95678893,2762.92919206,2765.85419168,2767.19633653,2766.43468313,2767.004831200001,2764.97073825,2764.37122172,2759.31405898,2749.01395206,2734.54965507,2712.59359815,2687.27532828,2657.6741620000003,2624.8255680999996
United Arab Emirates,610.081674665,620.7076952040001,632.456642315,644.751624276,656.994919536,668.942258845,681.485580418,695.1969145879999,709.47110904,723.317573299,735.741437526,746.508240183,755.08869883,760.9602945629999,763.880172872,763.633230329,760.459809534,817.9824182970001,875.193757124,939.505767035,919.539822606,891.7993433600002,862.4401585620001,833.339300961,806.2146937169999,781.297593508,758.148199259,736.378972933
United Kingdom,671.2083436099998,675.6896574589998,679.159596092,682.506526883,686.719792273,691.5248730410001,698.4576444820001,707.346539527,717.324038697,727.255915685,735.5613563459999,743.2574054749998,751.349966847,759.302823922,765.852222298,770.473818926,775.198257887,780.271599812,784.3889180790001,786.6087800639999,785.3490659060001,781.8167453489999,777.805882519,773.7572524569999,769.5142488560001,764.618379443,759.09185033,753.001779554
United States,1191.84193512,1167.28142266,1145.80603059,1128.93947603,1117.9877215499996,1112.94431147,1115.55772852,1123.17213474,1133.1383253600004,1142.58324577,1147.65452511,1150.82105368,1154.09144312,1156.93014123,1159.17369832,1159.37350324,1151.97897468,1134.20729339,1112.8434244999999,1094.83352886,1085.36790486,1083.51874965,1082.93146733,1084.63930217,1089.11162141,1095.61146058,1105.60392122,1118.3079874000002
Uruguay,565.999949508,563.8406192589998,562.334876268,561.310177931,560.664426114,560.768943617,561.9723580240001,563.9574411130001,566.349992392,568.6247803389998,570.2643013740001,571.30803972,572.2957802990001,573.63284454,575.1476110609999,576.8561698799998,581.175165795,589.555435011,599.616636793,608.621548265,614.2416217680001,617.244218137,620.1821678929999,622.341413591,623.85952163,624.965358376,625.475519874,625.871334969
Uzbekistan,1097.10657964,1115.52535834,1132.10847695,1146.98928751,1160.01029642,1170.54542874,1175.50717725,1176.45423969,1176.07009416,1177.06676853,1182.11950828,1189.41635774,1196.52347767,1203.05701487,1208.55272968,1212.47175613,1208.31974439,1194.53362077,1176.7284508,1160.81595967,1152.94369451,1149.62196646,1144.39373406,1137.5424990999998,1129.63479571,1121.54846132,1113.71515023,1106.97308723
Vanuatu,599.5615756139998,601.07465142,603.1813207509999,605.45834484,607.889069769,610.359139463,612.8771668759999,616.062498656,619.1507993710002,622.057765474,624.512305374,626.3718036930001,628.5109193019999,630.375401723,632.3061487670001,634.4913501249998,636.878063838,639.7845090889998,642.585873953,645.083417383,647.029322774,648.3920806159999,649.594322152,650.650076361,651.634317626,652.6346724809999,653.809688567,655.34285705
Venezuela,750.307604307,751.309345937,752.7513118019998,755.5045813060001,758.3598512189999,761.160664269,764.725605527,769.0261785660001,773.414866708,776.608689958,778.5744051319999,779.9411873930002,781.2896347880002,782.1354623430001,781.979033257,782.816441168,788.0231936519999,796.8747352969999,806.6229668599998,815.5569732770001,821.56268336,824.684529772,826.2715124140001,827.0491093139999,828.214827668,829.5920002769998,829.794389012,827.904116545
Vietnam,692.116350611,697.244678731,702.6181488389999,708.352904543,714.5487293189999,721.444091302,728.555640506,736.5083099130001,745.119798961,754.18872397,763.557971798,772.4843933610001,781.402653468,790.369916322,799.3750342769999,808.4784030110001,821.4325881749999,839.8596640720001,859.507587257,876.1211694300001,885.4468110910001,888.6977334549998,890.8548024969999,892.0264340379999,892.306630315,892.0001718829999,890.8042514580001,889.194421245
"Virgin Islands, U.S.",983.635935715,987.5409881810001,990.82883103,993.5756144960001,995.9709840180001,998.202804665,1001.39853859,1006.80976768,1013.60218023,1020.77245951,1027.25118281,1033.5804333,1040.90734631,1048.05828175,1053.8842033,1057.31456109,1058.19661312,1058.02184754,1056.97194048,1055.22620198,1053.09938511,1050.24472532,1046.80088202,1042.77544973,1038.25158762,1033.40872,1028.04747475,1022.43797084
Yemen,353.20861180199995,354.22255349700004,356.12363388,358.91255862699995,362.54981673300006,366.93612071300004,372.00911222900004,377.76453917599997,383.8134653,389.745107557,395.067844674,399.606595878,403.683587397,407.324485396,410.57845579800005,413.538731766,417.290498763,422.328812404,427.771808251,432.640519024,435.84677539800003,437.765078245,439.5014182690001,441.14814511699996,442.837137591,444.613725115,446.39268183600007,448.12274851300003
Zambia,691.034898817,694.6988097269998,697.653525997,699.8293305550002,701.252068675,702.1779670559999,703.081854348,704.5649472189999,706.183874968,707.4912826689999,708.090833472,707.805954005,707.0943293830001,706.304218351,705.982190563,706.59345093,707.7937543339999,709.1777485929999,710.9529624019998,713.1762238010001,715.8567900789999,718.8280581849998,721.9702441730002,725.363704412,729.0082834010001,732.8481469,736.858458498,741.0562023169998
Zimbabwe,678.827273632,685.608579921,692.732792483,699.99742494,707.2190857689999,714.251008403,721.443028577,728.675382003,735.5076394619999,741.52197682,746.283986033,749.4356094389999,751.3389058639999,752.369065015,753.019192338,753.7918756480002,755.507070898,758.4087119039999,761.569829776,764.0830801640001,764.8579505160001,764.2954261689999,763.9085520799998,763.7796129389999,763.943572787,764.3884052430001,764.9507127979999,765.633426119
